ID,OUTCOME
569520,0.0
750365,1.0
199901,0.0
478866,0.0
731664,1.0
877557,0.0
930134,0.0
461006,1.0
68366,0.0
445911,1.0
275820,0.0
521399,0.0
429728,0.0
980181,0.0
240658,1.0
484399,1.0
912828,1.0
892754,0.0
633896,0.0
193110,0.0
98515,0.0
165623,0.0
493590,0.0
389792,1.0
642614,0.0
951465,0.0
496987,0.0
732437,1.0
146897,1.0
316173,1.0
9013,0.0
485660,0.0
80496,0.0
478336,0.0
10843,0.0
397446,1.0
101678,1.0
231661,0.0
173782,0.0
98839,0.0
105372,0.0
888828,0.0
37454,1.0
370044,0.0
768282,1.0
738729,1.0
329536,1.0
328531,0.0
131881,0.0
839572,0.0
589757,0.0
336859,1.0
367026,0.0
334687,1.0
623367,0.0
688440,0.0
547974,1.0
989064,1.0
675898,0.0
480452,0.0
93199,0.0
125802,0.0
616663,0.0
423497,1.0
492837,0.0
422563,0.0
185231,0.0
949152,0.0
859453,0.0
466578,0.0
998214,1.0
828462,0.0
511837,0.0
554995,1.0
680717,0.0
978021,0.0
6676,0.0
362280,1.0
883018,0.0
889355,0.0
198273,0.0
197763,0.0
545941,0.0
320444,0.0
305793,1.0
362190,1.0
62647,0.0
296948,0.0
673660,0.0
945867,1.0
241973,0.0
429503,1.0
810013,1.0
663458,1.0
879976,1.0
418841,1.0
542236,0.0
937573,0.0
670850,1.0
151252,0.0
706349,0.0
602998,0.0
242772,0.0
380740,0.0
727943,1.0
261229,1.0
60866,0.0
752797,0.0
45002,0.0
482448,1.0
549142,1.0
95138,0.0
615991,0.0
807847,0.0
758983,0.0
987114,1.0
873457,0.0
699703,1.0
563342,0.0
284106,0.0
78189,1.0
427520,0.0
689030,0.0
966467,0.0
288712,0.0
228114,0.0
63715,0.0
624077,0.0
726352,0.0
792396,0.0
768933,1.0
579336,0.0
648922,1.0
47909,0.0
619577,0.0
212678,0.0
995884,0.0
226326,0.0
943922,0.0
510116,0.0
536546,0.0
75592,0.0
936820,1.0
634050,0.0
558748,0.0
856630,1.0
200009,0.0
792252,0.0
462586,0.0
577965,0.0
896587,0.0
431538,1.0
164516,1.0
479577,0.0
938476,0.0
112454,1.0
91246,0.0
2743,1.0
248888,1.0
195523,1.0
981926,0.0
593426,0.0
235574,0.0
440993,1.0
446993,0.0
301242,0.0
7722,1.0
123443,0.0
112143,1.0
912138,1.0
601305,1.0
602274,0.0
352099,0.0
660400,1.0
267614,0.0
974380,0.0
346585,0.0
536135,0.0
75569,0.0
645135,0.0
421596,0.0
164636,1.0
405100,1.0
315223,0.0
628723,0.0
483693,1.0
416795,0.0
712973,1.0
755061,1.0
162614,0.0
466761,0.0
498232,1.0
170391,0.0
918640,0.0
273764,0.0
344228,0.0
809278,0.0
128369,0.0
194925,1.0
303507,1.0
244931,0.0
570030,0.0
918038,1.0
102325,1.0
761911,1.0
271656,0.0
820690,0.0
622930,0.0
81394,0.0
373844,0.0
368392,1.0
447175,1.0
182095,0.0
451696,1.0
617007,0.0
560773,0.0
438008,0.0
212573,0.0
492516,0.0
538225,0.0
658402,0.0
325516,0.0
905750,1.0
107029,0.0
124204,1.0
968669,0.0
993267,0.0
423938,0.0
125168,1.0
525386,0.0
500215,0.0
572994,0.0
319953,1.0
487355,1.0
232470,1.0
565198,1.0
371727,0.0
613091,0.0
88882,0.0
351757,1.0
735929,1.0
224890,0.0
864601,1.0
485798,0.0
733833,1.0
750465,1.0
660556,0.0
28109,0.0
219960,1.0
76297,0.0
403707,0.0
792734,0.0
519764,0.0
912172,0.0
560068,1.0
126077,0.0
220269,0.0
856902,1.0
241888,1.0
908199,0.0
373218,0.0
313500,0.0
919241,0.0
647888,0.0
161832,1.0
476769,0.0
447424,0.0
201707,0.0
903320,1.0
486639,1.0
252686,0.0
233200,1.0
667165,0.0
950296,1.0
243888,0.0
605896,1.0
871858,1.0
319494,0.0
959164,1.0
675192,0.0
546719,0.0
96803,0.0
37956,0.0
739932,1.0
103308,0.0
824793,0.0
487034,0.0
253078,0.0
587387,0.0
334556,0.0
732295,0.0
933941,0.0
871263,0.0
864717,0.0
565346,1.0
718626,0.0
921816,0.0
431031,1.0
200636,0.0
22475,0.0
254814,0.0
799392,0.0
408048,0.0
312015,0.0
280243,0.0
161784,1.0
979772,0.0
297613,0.0
178142,0.0
622497,1.0
342957,0.0
821985,0.0
810334,0.0
818305,0.0
586430,0.0
662672,1.0
770081,0.0
787457,0.0
527739,0.0
571298,1.0
701289,0.0
879256,0.0
649732,0.0
855779,0.0
625532,0.0
3025,0.0
683267,1.0
969959,0.0
912505,1.0
298912,0.0
336753,0.0
667341,0.0
790649,0.0
967869,0.0
806032,1.0
648666,1.0
21860,1.0
983493,0.0
916881,0.0
381852,1.0
937208,0.0
95412,0.0
157650,1.0
84004,0.0
46700,0.0
650982,0.0
495635,0.0
471169,0.0
725883,0.0
425246,0.0
887542,0.0
541272,0.0
826670,0.0
574624,0.0
453895,0.0
111851,0.0
47628,0.0
708828,0.0
819883,0.0
232634,1.0
892258,0.0
243010,1.0
368602,0.0
623636,0.0
757103,0.0
375862,0.0
732956,1.0
774402,0.0
656626,0.0
816938,1.0
440294,0.0
792276,0.0
951251,0.0
395570,1.0
736323,1.0
725583,0.0
954412,1.0
931629,1.0
255230,0.0
31403,0.0
136957,1.0
58535,1.0
592584,0.0
263154,1.0
842364,0.0
687419,0.0
306684,1.0
883009,0.0
74704,0.0
142973,1.0
100513,0.0
984062,1.0
538916,0.0
881409,0.0
967125,0.0
530396,1.0
456215,1.0
464357,0.0
28229,1.0
577557,0.0
29218,1.0
850080,0.0
851438,1.0
75241,0.0
292051,0.0
155114,1.0
786259,1.0
444073,1.0
55182,0.0
611274,0.0
97079,0.0
178185,1.0
857849,0.0
26255,0.0
787417,1.0
993623,0.0
372474,0.0
106981,0.0
220243,0.0
784778,0.0
278151,0.0
481388,1.0
827198,0.0
55712,1.0
748080,0.0
877703,0.0
402240,1.0
191449,1.0
304034,0.0
915799,0.0
580249,0.0
166102,0.0
455260,0.0
137502,0.0
147076,1.0
447397,0.0
968169,0.0
573424,1.0
94746,1.0
858153,0.0
658967,0.0
829242,0.0
57521,0.0
389871,0.0
766476,0.0
37701,1.0
678182,1.0
357428,0.0
16345,1.0
380072,1.0
202978,0.0
444245,0.0
672478,1.0
284939,0.0
385568,0.0
769261,0.0
559890,1.0
326316,0.0
574525,1.0
44924,0.0
877892,0.0
790141,1.0
236395,0.0
856269,0.0
979902,0.0
734217,0.0
103367,0.0
946258,0.0
108490,1.0
35975,0.0
286318,0.0
333970,0.0
145697,1.0
826708,0.0
334482,1.0
803266,1.0
19261,0.0
291075,0.0
433426,1.0
289772,0.0
927179,1.0
976974,0.0
615312,0.0
456321,1.0
775,0.0
620196,0.0
510560,0.0
631945,0.0
457682,0.0
202964,0.0
2375,1.0
730415,0.0
749543,0.0
930990,0.0
455333,0.0
738554,0.0
378210,1.0
772502,1.0
994772,0.0
881849,0.0
39296,0.0
603433,1.0
882026,0.0
238126,0.0
110747,0.0
402988,0.0
65338,0.0
322984,0.0
124236,0.0
245004,0.0
942949,0.0
877595,1.0
623455,1.0
138425,1.0
125702,0.0
911755,1.0
297583,0.0
351854,0.0
908318,1.0
801470,1.0
843505,0.0
74575,0.0
670220,0.0
551000,0.0
741897,1.0
483174,1.0
131420,1.0
271098,0.0
511051,0.0
985811,0.0
85826,1.0
733410,1.0
701507,0.0
760210,0.0
420204,0.0
856867,0.0
899785,0.0
3396,1.0
442295,1.0
860165,1.0
3643,1.0
732109,1.0
906608,0.0
393826,0.0
189740,0.0
532841,1.0
853929,0.0
43773,0.0
748793,1.0
664908,0.0
119593,0.0
966113,1.0
89090,0.0
931351,0.0
538716,0.0
812013,1.0
736366,0.0
496206,0.0
263890,0.0
373953,0.0
412526,1.0
868060,0.0
629030,1.0
902206,0.0
586895,0.0
432813,0.0
412666,0.0
857882,0.0
169712,0.0
805808,0.0
382504,0.0
800261,0.0
457638,1.0
594430,0.0
793952,1.0
20645,0.0
708649,0.0
830889,0.0
724739,0.0
33697,1.0
435205,0.0
496098,0.0
20669,1.0
527774,0.0
404128,0.0
439480,0.0
621010,1.0
353690,0.0
112838,0.0
190804,1.0
663470,1.0
629803,1.0
84243,1.0
899894,1.0
758470,0.0
517351,0.0
812159,0.0
313107,0.0
981198,0.0
144973,0.0
674108,0.0
107843,0.0
118824,1.0
309430,0.0
211543,1.0
994291,1.0
997014,1.0
517032,0.0
597978,0.0
45019,0.0
462574,1.0
962015,1.0
253678,0.0
692697,0.0
929521,0.0
964716,1.0
563264,1.0
129280,0.0
415020,0.0
429468,0.0
679338,0.0
451103,0.0
932826,0.0
765652,0.0
186,0.0
62930,0.0
197936,0.0
236019,0.0
184376,0.0
186552,0.0
519425,0.0
108122,1.0
936450,0.0
529009,1.0
833844,0.0
91848,0.0
960784,0.0
342618,0.0
453418,0.0
172677,0.0
350213,0.0
427060,0.0
202943,1.0
551323,0.0
38580,1.0
193387,1.0
26228,0.0
135509,0.0
818522,0.0
372874,0.0
540632,0.0
45157,1.0
70979,1.0
668552,1.0
621262,0.0
976455,0.0
816614,0.0
558961,0.0
840221,0.0
659990,0.0
518694,0.0
305388,0.0
965555,0.0
589113,0.0
992359,0.0
956388,0.0
752140,1.0
148832,1.0
789148,0.0
849512,0.0
9905,0.0
989673,0.0
34367,1.0
894225,1.0
415401,0.0
746070,0.0
588914,1.0
963221,0.0
162234,0.0
278500,0.0
869386,0.0
163162,0.0
202791,1.0
970398,0.0
428267,0.0
894548,1.0
822297,0.0
776868,0.0
247573,0.0
625221,0.0
158028,0.0
10217,0.0
498650,0.0
897708,1.0
361846,0.0
714908,0.0
938070,0.0
474190,0.0
944620,1.0
66528,1.0
93756,0.0
938705,0.0
481169,0.0
890778,0.0
275062,0.0
958992,0.0
84982,0.0
1924,0.0
148601,0.0
164381,0.0
215945,0.0
472589,0.0
67880,0.0
873673,0.0
152123,0.0
489823,1.0
336494,0.0
972020,0.0
260201,0.0
928536,1.0
615428,0.0
112063,0.0
172803,0.0
54408,1.0
10119,1.0
575992,0.0
525723,0.0
75918,0.0
222805,0.0
337651,0.0
610663,0.0
514238,0.0
821534,0.0
127550,1.0
509284,0.0
639522,0.0
979350,0.0
396727,0.0
512169,0.0
677467,1.0
725657,0.0
364101,0.0
912887,1.0
265974,0.0
134867,0.0
419303,0.0
161165,0.0
491650,0.0
268752,1.0
454701,0.0
568053,0.0
294350,1.0
337986,0.0
77771,0.0
573078,1.0
214200,0.0
962680,0.0
720043,1.0
360562,0.0
621406,0.0
702423,1.0
174068,1.0
792106,1.0
499640,0.0
875043,0.0
404468,0.0
772295,1.0
845482,0.0
910614,0.0
333933,0.0
107725,0.0
852185,1.0
971269,1.0
11119,0.0
392953,1.0
20975,0.0
485551,1.0
658061,1.0
690368,1.0
527374,1.0
683489,1.0
150186,1.0
861996,1.0
505284,0.0
612740,1.0
285906,1.0
3526,0.0
897340,1.0
235870,0.0
971102,0.0
25025,0.0
794286,0.0
64259,0.0
693740,1.0
230558,1.0
241965,0.0
989945,0.0
302233,1.0
987839,1.0
450776,0.0
987471,0.0
56391,0.0
783556,1.0
921160,0.0
319701,1.0
352416,0.0
780703,0.0
629596,1.0
692471,0.0
580439,0.0
424392,0.0
119547,0.0
886405,0.0
369977,0.0
68534,0.0
459875,0.0
754494,1.0
175718,0.0
3004,0.0
950709,0.0
560739,1.0
501805,0.0
787446,0.0
804227,1.0
456117,0.0
394049,1.0
723464,0.0
152145,1.0
582771,0.0
183084,1.0
487840,0.0
225410,0.0
318668,0.0
61366,1.0
229858,1.0
349332,1.0
304669,0.0
113911,0.0
999634,0.0
229092,1.0
544815,1.0
863514,0.0
394693,1.0
799026,0.0
684265,0.0
821544,1.0
918079,1.0
52584,0.0
539433,1.0
301476,0.0
52434,0.0
430430,1.0
243166,0.0
585805,1.0
338722,0.0
991298,0.0
179037,0.0
796132,0.0
653167,0.0
8023,0.0
979569,1.0
124969,0.0
958920,0.0
85377,0.0
273042,0.0
50734,1.0
698147,1.0
126485,0.0
583128,0.0
56973,0.0
430480,1.0
107735,0.0
88159,0.0
315441,1.0
728786,0.0
196793,0.0
119568,0.0
506311,0.0
379364,0.0
575492,0.0
754176,0.0
17198,0.0
392570,1.0
555274,0.0
543431,0.0
77676,0.0
4199,0.0
504565,1.0
930350,0.0
380681,0.0
89171,0.0
655609,1.0
285118,0.0
957571,0.0
527444,1.0
291974,0.0
757656,1.0
474539,0.0
39393,0.0
448500,0.0
168210,0.0
293414,0.0
987686,0.0
90377,0.0
961510,1.0
940764,0.0
484012,1.0
543794,1.0
975005,1.0
810066,0.0
875302,0.0
471505,0.0
596870,0.0
256936,0.0
708087,1.0
297877,0.0
362618,0.0
742122,1.0
466641,0.0
913740,0.0
810638,0.0
156883,0.0
920995,1.0
918219,1.0
403373,0.0
688045,0.0
205298,0.0
902646,0.0
634221,0.0
638975,0.0
33022,0.0
410028,0.0
932163,0.0
740024,1.0
210356,1.0
928462,0.0
76372,1.0
555049,1.0
497652,0.0
899312,1.0
950731,0.0
236351,0.0
32500,0.0
808629,1.0
838435,0.0
532912,0.0
542130,0.0
450129,0.0
695062,0.0
288263,0.0
48803,0.0
995592,0.0
660862,0.0
449821,0.0
56322,1.0
616720,0.0
261156,0.0
443277,0.0
723400,0.0
604099,0.0
765690,0.0
128270,0.0
753061,0.0
826642,1.0
920132,0.0
664407,1.0
555224,0.0
257691,0.0
230575,0.0
501841,0.0
825504,1.0
758277,1.0
27119,1.0
980778,0.0
381,0.0
122326,1.0
434285,1.0
612545,0.0
348325,1.0
608974,0.0
848442,1.0
718343,0.0
529364,1.0
180078,0.0
674553,0.0
263926,1.0
104366,0.0
748101,1.0
769972,0.0
759594,0.0
524877,0.0
222065,1.0
501483,0.0
313291,0.0
545223,0.0
227825,0.0
727008,0.0
368897,0.0
341327,0.0
10147,0.0
31121,0.0
418784,1.0
144248,0.0
757438,1.0
344845,0.0
174366,0.0
964266,0.0
771373,1.0
91893,0.0
408687,0.0
264527,1.0
470664,1.0
999797,0.0
767467,0.0
879915,0.0
36667,0.0
528001,0.0
438788,0.0
260851,1.0
868143,1.0
709357,0.0
209441,0.0
209518,1.0
842504,0.0
785920,0.0
120348,0.0
550531,0.0
756417,0.0
579525,0.0
967747,0.0
477129,1.0
203357,0.0
390289,1.0
178836,0.0
469772,1.0
73606,0.0
66601,0.0
672971,0.0
111201,1.0
208114,1.0
404131,0.0
183837,0.0
292035,0.0
86029,0.0
756320,0.0
941602,0.0
43075,0.0
91798,0.0
692983,1.0
710197,0.0
706607,0.0
839869,0.0
109870,0.0
800779,0.0
424112,0.0
245774,0.0
907904,0.0
912419,0.0
49143,0.0
64244,0.0
718508,0.0
44221,0.0
184419,1.0
582054,0.0
564116,0.0
616000,0.0
926334,0.0
105174,1.0
538631,1.0
627921,1.0
256276,1.0
230441,0.0
460018,0.0
57578,0.0
967436,0.0
338816,0.0
774925,0.0
259369,1.0
859256,0.0
396832,0.0
988193,1.0
919194,0.0
905984,0.0
144603,0.0
863765,1.0
766660,0.0
246688,1.0
105220,1.0
70559,1.0
755650,0.0
713565,1.0
382661,0.0
329019,1.0
325157,1.0
351086,0.0
916877,1.0
592421,1.0
79334,0.0
107434,0.0
352278,1.0
635281,0.0
609931,0.0
234077,0.0
220413,0.0
708052,0.0
470782,0.0
347235,1.0
46195,0.0
392766,0.0
617236,0.0
397198,1.0
142274,0.0
788520,0.0
228270,0.0
441183,0.0
172025,0.0
973588,0.0
920305,0.0
479156,0.0
72382,0.0
420705,0.0
683632,0.0
345626,1.0
698069,1.0
427399,0.0
208179,0.0
144092,1.0
806915,0.0
746285,0.0
16453,1.0
909598,0.0
874042,0.0
395393,0.0
866220,0.0
566194,0.0
713543,1.0
261544,0.0
824388,0.0
667200,1.0
305899,0.0
393296,1.0
663564,1.0
51511,1.0
211111,0.0
259300,0.0
777000,0.0
637214,0.0
708283,0.0
691130,0.0
949343,0.0
477517,0.0
327169,0.0
3038,1.0
976721,0.0
613650,1.0
606934,0.0
176701,0.0
92066,0.0
786751,1.0
469570,0.0
193047,1.0
158868,0.0
618377,0.0
528757,0.0
894394,1.0
437274,1.0
199021,0.0
168157,1.0
854391,0.0
241375,1.0
95758,0.0
367304,0.0
887498,0.0
530813,0.0
830031,0.0
204523,1.0
608476,1.0
45047,0.0
79370,0.0
705399,0.0
156210,0.0
967355,0.0
850182,1.0
824222,0.0
680648,1.0
504743,0.0
170462,0.0
88005,1.0
534218,0.0
529067,0.0
394432,1.0
611173,0.0
43148,0.0
806364,0.0
302852,0.0
460696,0.0
310939,0.0
348388,0.0
410310,0.0
472338,0.0
256261,1.0
673825,1.0
444425,0.0
334093,1.0
410504,0.0
439105,1.0
81569,0.0
672216,1.0
928771,0.0
254028,1.0
5473,0.0
66960,0.0
329085,0.0
946706,1.0
917659,0.0
32551,1.0
134194,0.0
8388,0.0
838006,1.0
384021,1.0
207547,0.0
85773,1.0
789542,1.0
154109,0.0
482232,1.0
37552,0.0
256743,0.0
731314,0.0
317920,0.0
501906,0.0
837820,0.0
459931,0.0
63648,1.0
487378,0.0
87522,0.0
719772,0.0
315745,0.0
85714,0.0
189455,0.0
379039,0.0
205417,0.0
643618,0.0
227900,0.0
958732,1.0
522707,0.0
647491,0.0
636886,1.0
956165,1.0
582975,0.0
801201,1.0
602525,1.0
795747,0.0
304304,0.0
761953,0.0
94241,0.0
774917,1.0
692522,0.0
229265,0.0
516195,0.0
632980,0.0
570724,0.0
486983,0.0
40228,1.0
788956,0.0
841372,0.0
958076,0.0
642092,0.0
829408,0.0
429601,0.0
353731,0.0
626051,0.0
733509,0.0
579072,1.0
247930,0.0
583619,0.0
261194,0.0
291441,1.0
959649,1.0
957656,0.0
39893,0.0
551688,1.0
873361,0.0
336163,0.0
875904,0.0
44855,1.0
247107,1.0
849205,0.0
693046,1.0
345209,0.0
766071,0.0
303044,1.0
741452,0.0
796372,1.0
749220,0.0
386712,0.0
146361,1.0
411365,0.0
651342,0.0
697130,0.0
424515,0.0
479772,0.0
332598,0.0
167119,0.0
819534,0.0
955794,1.0
62038,0.0
469767,1.0
50824,0.0
683927,0.0
664333,0.0
430557,0.0
150339,0.0
778230,0.0
106619,0.0
733619,0.0
711203,1.0
255616,1.0
854652,0.0
766854,0.0
827045,1.0
749612,0.0
80167,0.0
221234,1.0
596082,0.0
100720,1.0
866552,0.0
503181,0.0
436399,0.0
910245,1.0
399483,0.0
766429,0.0
560473,1.0
295456,0.0
963365,0.0
561813,1.0
447646,0.0
249074,1.0
513940,1.0
761223,0.0
261699,0.0
535293,1.0
28541,1.0
509716,0.0
548627,0.0
562564,0.0
220010,0.0
501359,1.0
218598,0.0
210978,1.0
160719,0.0
73781,1.0
123572,1.0
174681,0.0
626675,0.0
252367,0.0
219553,0.0
527488,0.0
508925,1.0
477198,1.0
971241,0.0
38261,0.0
196960,1.0
576583,0.0
968469,0.0
288419,0.0
253649,0.0
7893,0.0
998986,1.0
757742,0.0
832177,1.0
156807,0.0
734041,0.0
524160,0.0
386225,0.0
883104,0.0
727175,0.0
891890,0.0
195034,1.0
499069,0.0
135363,0.0
745958,0.0
368197,1.0
434797,1.0
354302,0.0
959292,0.0
335156,0.0
556971,0.0
451148,0.0
541074,0.0
593578,1.0
927572,0.0
600608,1.0
773054,0.0
148284,1.0
483232,0.0
694920,0.0
845494,0.0
922147,0.0
394677,0.0
831133,0.0
458721,1.0
981386,0.0
42168,0.0
902925,1.0
75332,0.0
789201,1.0
332784,0.0
249673,1.0
56947,0.0
668061,0.0
277229,0.0
325888,0.0
87330,0.0
850125,0.0
318800,1.0
914600,0.0
146453,0.0
954268,0.0
250336,0.0
8316,0.0
887384,0.0
579169,1.0
578045,0.0
695132,1.0
442801,1.0
83419,0.0
266664,1.0
48467,0.0
956725,1.0
59488,0.0
513565,1.0
855822,1.0
493576,1.0
854084,0.0
477066,0.0
468466,1.0
880743,0.0
407928,0.0
394404,0.0
910818,0.0
368162,0.0
92996,1.0
593823,0.0
573601,0.0
391636,0.0
628053,0.0
875379,0.0
934637,0.0
893612,0.0
791622,0.0
694795,0.0
126044,0.0
262122,0.0
775902,0.0
129481,0.0
834997,1.0
107940,0.0
858675,1.0
747580,1.0
332700,0.0
976369,0.0
679730,1.0
432058,0.0
740498,1.0
801283,1.0
620447,0.0
772315,0.0
805314,1.0
622295,1.0
769923,0.0
761062,0.0
602588,0.0
83737,0.0
543924,1.0
596744,0.0
240384,0.0
846855,0.0
5949,1.0
501875,1.0
196456,1.0
241076,1.0
734835,1.0
70698,0.0
148192,0.0
900823,0.0
906649,1.0
271782,1.0
451123,1.0
357983,0.0
291065,1.0
865832,0.0
37656,0.0
769768,1.0
480887,0.0
387428,0.0
330099,0.0
613717,1.0
911473,0.0
563175,0.0
887325,1.0
110283,0.0
613670,0.0
491511,1.0
210484,1.0
602790,0.0
976407,0.0
411490,1.0
657351,0.0
324483,0.0
626587,0.0
378356,1.0
461730,1.0
589218,0.0
946498,0.0
479118,0.0
744591,1.0
633972,0.0
223390,0.0
758891,1.0
736939,1.0
393981,0.0
471822,0.0
540570,1.0
505778,0.0
981161,1.0
380644,0.0
237309,1.0
576563,0.0
313857,1.0
849983,0.0
33096,0.0
820080,0.0
704651,1.0
516737,1.0
744557,0.0
884200,0.0
980162,0.0
138549,0.0
145781,0.0
884877,0.0
616755,1.0
993761,1.0
391958,0.0
235541,0.0
603591,1.0
527814,1.0
903819,0.0
610675,0.0
103124,1.0
37021,0.0
97800,0.0
559326,1.0
942534,1.0
373573,0.0
417589,0.0
297130,1.0
930707,0.0
784749,0.0
284158,0.0
117479,1.0
73432,1.0
717981,0.0
570855,0.0
91308,1.0
771944,0.0
64984,1.0
739655,0.0
988458,0.0
844425,0.0
343044,1.0
104623,0.0
401259,0.0
56428,1.0
297716,1.0
261464,0.0
124833,0.0
745999,0.0
226,1.0
947390,1.0
498673,0.0
757922,1.0
865316,0.0
620590,1.0
231919,0.0
458828,0.0
94127,1.0
154809,0.0
789131,0.0
26883,0.0
245852,0.0
424685,1.0
742144,0.0
74744,0.0
894333,1.0
131400,0.0
934104,0.0
849845,0.0
519948,0.0
127507,1.0
503269,0.0
337559,0.0
210028,0.0
232262,0.0
277499,0.0
761455,0.0
330207,0.0
927059,1.0
22905,0.0
270333,0.0
125408,0.0
107410,1.0
912595,0.0
137209,0.0
882775,1.0
926478,0.0
756207,0.0
96679,1.0
30993,0.0
904544,0.0
660975,0.0
343102,0.0
748173,1.0
466515,1.0
648192,0.0
900525,1.0
629147,1.0
126571,0.0
919697,0.0
26688,0.0
474971,0.0
287540,0.0
584269,0.0
326608,1.0
166073,0.0
521571,1.0
418047,0.0
407435,0.0
902008,0.0
635622,1.0
3131,0.0
747188,1.0
219595,0.0
638240,0.0
335001,1.0
569662,0.0
832941,0.0
978371,0.0
918452,1.0
905397,1.0
314202,0.0
827578,1.0
922977,0.0
26816,0.0
466383,0.0
331819,0.0
430019,1.0
873325,0.0
852514,0.0
198903,0.0
351071,0.0
65898,0.0
671746,0.0
760605,1.0
435057,0.0
311722,0.0
309217,0.0
237542,0.0
911614,0.0
219279,1.0
520036,0.0
603871,0.0
78431,0.0
979335,0.0
642405,0.0
734738,1.0
722357,1.0
755140,0.0
684778,0.0
943932,0.0
50084,0.0
845620,1.0
934382,0.0
765151,1.0
743449,0.0
189983,1.0
230922,0.0
466162,0.0
873153,1.0
29449,0.0
459304,1.0
149754,0.0
143460,0.0
375459,0.0
257003,0.0
293988,0.0
893885,1.0
619329,0.0
356221,1.0
263650,0.0
26068,0.0
488670,0.0
582320,0.0
923366,0.0
609396,0.0
207095,1.0
370509,0.0
210455,0.0
277877,1.0
75850,1.0
730488,0.0
261354,0.0
605330,1.0
583046,0.0
17273,0.0
355449,0.0
640219,0.0
239558,1.0
524634,0.0
171568,0.0
375322,0.0
639474,1.0
855355,1.0
293072,1.0
528528,0.0
458933,1.0
495705,0.0
475525,1.0
98072,0.0
326875,1.0
173718,0.0
255141,1.0
255200,1.0
438776,0.0
710221,0.0
144117,1.0
909696,1.0
80686,0.0
19144,1.0
452828,0.0
476160,1.0
515497,0.0
413160,1.0
977402,0.0
901502,0.0
379539,0.0
266757,0.0
934754,0.0
131347,0.0
104918,0.0
478922,0.0
81923,0.0
858902,0.0
13158,1.0
403612,0.0
161526,0.0
440831,1.0
170034,0.0
280967,1.0
36103,0.0
97567,0.0
407469,1.0
900406,1.0
729740,1.0
631763,1.0
349786,0.0
648626,0.0
380598,0.0
816809,1.0
149377,1.0
950482,0.0
493793,1.0
565846,0.0
816988,0.0
483195,0.0
644057,0.0
465420,0.0
626247,0.0
703897,1.0
221270,1.0
484719,0.0
511641,1.0
838182,1.0
564107,1.0
880485,0.0
912800,1.0
431366,0.0
526718,0.0
129218,1.0
952652,0.0
698612,0.0
468417,0.0
628739,0.0
325475,0.0
81498,0.0
401212,0.0
647537,1.0
212191,1.0
734069,0.0
772679,1.0
990504,1.0
586583,1.0
865298,0.0
235795,1.0
386754,0.0
104558,0.0
21679,0.0
826621,0.0
479665,0.0
472052,1.0
62534,0.0
793551,0.0
716599,0.0
280162,1.0
229398,0.0
818352,1.0
845185,0.0
292794,0.0
527103,1.0
879618,1.0
696770,0.0
987946,0.0
658273,0.0
631499,0.0
55559,1.0
491394,0.0
896754,0.0
8055,0.0
229715,1.0
361925,0.0
216068,0.0
950010,0.0
168357,0.0
777567,0.0
695357,0.0
464427,1.0
422409,0.0
850789,1.0
29071,1.0
233968,1.0
312512,0.0
847188,0.0
243725,1.0
997850,0.0
927473,0.0
232741,0.0
753926,1.0
125369,0.0
851148,0.0
995068,0.0
636096,1.0
544712,0.0
985586,1.0
249454,0.0
26981,1.0
860859,0.0
560905,0.0
639208,1.0
114845,0.0
491567,0.0
605113,1.0
613485,0.0
20220,0.0
601107,1.0
203166,0.0
966351,0.0
238538,1.0
687774,0.0
801363,0.0
347529,0.0
449629,1.0
622612,0.0
453408,1.0
359855,0.0
96104,1.0
163488,1.0
826934,1.0
66535,0.0
438501,1.0
153771,0.0
586374,0.0
139478,0.0
115279,0.0
298157,0.0
194823,0.0
466860,0.0
896944,1.0
450963,0.0
143988,0.0
209390,0.0
186796,0.0
138845,0.0
85869,0.0
598245,0.0
540591,0.0
155014,0.0
157378,0.0
735199,0.0
641142,1.0
320298,0.0
271405,0.0
827716,0.0
802738,0.0
929575,1.0
641920,0.0
26559,0.0
217294,1.0
189528,0.0
600813,1.0
727706,1.0
519746,0.0
246486,0.0
7905,0.0
113252,0.0
929235,0.0
318763,0.0
870749,0.0
85101,1.0
293682,0.0
981883,0.0
779137,0.0
306489,0.0
515280,0.0
446330,0.0
373235,1.0
374072,0.0
336053,0.0
708613,1.0
514864,0.0
133216,1.0
201228,0.0
65912,0.0
84403,0.0
714609,1.0
861873,0.0
201430,0.0
917512,0.0
821738,1.0
481960,1.0
430928,0.0
335937,1.0
741717,0.0
32471,0.0
768656,0.0
251082,1.0
859653,1.0
146993,0.0
38823,1.0
697272,0.0
546944,1.0
89035,1.0
723028,1.0
866196,0.0
975805,0.0
124495,1.0
728398,0.0
251778,1.0
587520,1.0
742822,1.0
321760,0.0
253738,0.0
684569,0.0
814717,1.0
408905,0.0
521762,0.0
595172,0.0
996412,0.0
307599,0.0
377806,0.0
496158,0.0
731992,0.0
604531,0.0
88703,0.0
192887,0.0
996686,1.0
285246,1.0
114770,0.0
298416,0.0
490886,0.0
605508,0.0
717225,0.0
408507,1.0
786837,0.0
864007,1.0
338489,0.0
281285,1.0
703713,0.0
946205,0.0
741619,0.0
432684,0.0
804251,1.0
611990,1.0
705254,0.0
103781,1.0
156431,0.0
678798,0.0
629251,0.0
991745,1.0
259052,1.0
535774,0.0
893383,0.0
721594,1.0
605412,0.0
795950,0.0
418382,0.0
826866,0.0
512870,0.0
548322,1.0
88259,1.0
167040,0.0
631893,0.0
264695,1.0
986522,1.0
182355,0.0
393949,0.0
635062,0.0
631402,0.0
800070,0.0
114349,0.0
681452,0.0
442082,0.0
608830,1.0
906476,0.0
743872,1.0
853993,0.0
773278,1.0
32277,1.0
290900,1.0
417562,1.0
459817,0.0
582212,0.0
761268,0.0
73883,1.0
137899,0.0
615853,0.0
985369,0.0
738452,1.0
158468,1.0
874967,0.0
898437,0.0
987238,1.0
831517,1.0
990159,0.0
507656,0.0
167289,1.0
764678,1.0
509621,1.0
39077,1.0
922550,1.0
529598,0.0
132062,1.0
726729,0.0
469900,0.0
205785,1.0
891551,0.0
378713,0.0
158167,0.0
434663,1.0
636547,0.0
603489,1.0
861072,1.0
823976,0.0
455772,1.0
647248,0.0
712569,1.0
213810,0.0
158376,0.0
427006,0.0
63974,0.0
550637,1.0
805276,0.0
583101,0.0
668720,0.0
607845,1.0
670700,0.0
326011,0.0
945740,0.0
344794,0.0
177148,0.0
277895,1.0
289373,0.0
150711,1.0
973965,0.0
430755,1.0
916023,0.0
719837,0.0
23290,0.0
244,0.0
953565,1.0
502316,1.0
47765,0.0
81259,1.0
727756,0.0
230667,1.0
622522,1.0
367434,1.0
71781,0.0
294545,0.0
829301,0.0
164581,1.0
266689,1.0
314491,0.0
264561,1.0
375365,1.0
607639,0.0
331100,0.0
30599,0.0
957199,0.0
73810,0.0
217333,1.0
377949,0.0
465150,0.0
465998,0.0
866608,0.0
342272,0.0
961078,0.0
918977,1.0
66436,0.0
998817,0.0
991767,0.0
718329,0.0
35676,0.0
149822,0.0
154730,1.0
39769,0.0
384750,1.0
702990,1.0
460039,1.0
967818,0.0
747358,0.0
893038,0.0
187211,0.0
721133,1.0
233586,0.0
721087,0.0
881654,0.0
118275,1.0
45171,0.0
777163,0.0
192271,0.0
651533,1.0
173148,0.0
475662,0.0
961235,0.0
265584,0.0
855349,0.0
769911,0.0
757194,0.0
883171,1.0
762763,0.0
10200,0.0
123883,1.0
992984,1.0
525671,0.0
331467,1.0
348410,0.0
493739,0.0
362279,0.0
731162,0.0
365704,0.0
406897,1.0
541163,1.0
69241,1.0
984163,1.0
414015,1.0
440633,0.0
949958,1.0
310616,0.0
917153,1.0
47113,0.0
614012,0.0
622701,1.0
893682,0.0
25547,1.0
184319,1.0
768080,0.0
520811,1.0
736894,1.0
431213,0.0
250947,0.0
264604,0.0
142365,0.0
252151,1.0
30051,0.0
572525,0.0
797155,0.0
317561,0.0
929121,0.0
869489,0.0
957766,0.0
290927,0.0
930316,0.0
737825,0.0
558222,1.0
676411,0.0
414748,1.0
799058,1.0
478043,1.0
563923,0.0
145590,0.0
989895,0.0
757274,0.0
822944,0.0
57811,0.0
509652,0.0
342723,0.0
697174,0.0
89556,0.0
835584,0.0
980138,0.0
265151,0.0
981118,1.0
71802,0.0
18985,0.0
192473,0.0
630765,0.0
551055,0.0
802517,0.0
21811,1.0
112200,0.0
153846,0.0
945619,0.0
865814,0.0
460575,0.0
381865,1.0
240493,0.0
316532,1.0
757729,0.0
123802,1.0
286,1.0
34790,1.0
578035,0.0
431488,0.0
993421,0.0
86139,1.0
224037,0.0
752334,1.0
728501,0.0
965368,0.0
845873,0.0
634428,1.0
224498,1.0
813305,1.0
311442,1.0
823223,1.0
595493,0.0
47896,1.0
384342,0.0
878076,1.0
343971,0.0
971841,0.0
305028,0.0
775336,1.0
147805,1.0
912569,0.0
627852,0.0
892650,0.0
381711,0.0
854406,0.0
219625,0.0
321057,0.0
27809,1.0
937771,0.0
242782,0.0
547164,0.0
695059,0.0
832759,1.0
71485,0.0
124660,1.0
315430,0.0
40864,1.0
41497,1.0
377739,0.0
236599,0.0
839497,1.0
863474,0.0
826015,0.0
403691,0.0
806638,0.0
953868,0.0
513085,1.0
311662,1.0
61471,1.0
10486,0.0
674205,0.0
631816,0.0
902936,0.0
905027,0.0
833749,0.0
135577,0.0
726987,0.0
872748,1.0
756603,1.0
99647,0.0
848222,0.0
507419,0.0
823526,0.0
841430,0.0
960933,0.0
551195,0.0
18890,0.0
259179,0.0
768784,0.0
184971,0.0
741721,0.0
184176,0.0
679272,1.0
401740,0.0
9289,1.0
134351,0.0
670374,1.0
247819,0.0
72351,0.0
140258,1.0
163684,0.0
454863,0.0
533249,0.0
403182,0.0
650235,0.0
596282,0.0
558054,0.0
538163,1.0
26402,0.0
157813,0.0
487293,0.0
718555,1.0
715348,0.0
50666,0.0
310538,0.0
23989,1.0
455221,1.0
698383,1.0
432502,1.0
75820,0.0
62005,0.0
180479,1.0
169486,0.0
784424,1.0
877560,0.0
734708,0.0
105788,0.0
888987,0.0
159532,0.0
488136,0.0
184115,0.0
684334,0.0
9128,0.0
546140,1.0
805429,0.0
208360,0.0
132013,0.0
646502,1.0
582402,0.0
87473,1.0
717551,0.0
811811,0.0
530970,1.0
657844,1.0
176642,0.0
704098,0.0
352454,0.0
772474,0.0
400472,0.0
871873,0.0
446423,0.0
614581,1.0
72018,1.0
887907,0.0
801513,1.0
773539,1.0
342837,0.0
76364,0.0
750304,0.0
502443,0.0
314241,1.0
949220,0.0
418920,0.0
294679,0.0
588241,0.0
342418,0.0
327940,0.0
937879,1.0
937766,1.0
709224,0.0
8618,0.0
829698,1.0
583432,0.0
658150,0.0
25959,1.0
849780,1.0
240683,0.0
88282,0.0
880213,0.0
552010,0.0
55969,1.0
694933,0.0
10585,0.0
616068,1.0
974638,0.0
354483,0.0
585379,1.0
161766,0.0
860897,0.0
5195,0.0
672155,0.0
957372,1.0
186080,0.0
240130,1.0
215682,0.0
331067,0.0
290615,1.0
988795,0.0
263950,0.0
936328,0.0
488928,1.0
253805,0.0
346658,0.0
212512,1.0
266723,0.0
94106,0.0
956081,1.0
945496,0.0
114580,0.0
35009,1.0
409758,0.0
456703,0.0
264463,1.0
580209,0.0
326435,0.0
480276,0.0
881811,1.0
374794,1.0
354854,1.0
682240,0.0
669186,1.0
285501,1.0
593292,1.0
649724,0.0
53151,0.0
742412,0.0
685826,1.0
650607,0.0
653656,0.0
470627,1.0
703985,1.0
110908,0.0
762382,0.0
932849,1.0
69295,0.0
568413,1.0
427575,0.0
624500,0.0
939343,1.0
857032,0.0
583790,1.0
66507,0.0
396892,1.0
787390,1.0
114334,0.0
533851,0.0
962897,0.0
14622,1.0
433224,0.0
729287,0.0
36679,0.0
558275,0.0
738651,0.0
200265,0.0
585226,0.0
172866,1.0
636846,1.0
516380,0.0
916128,0.0
833465,1.0
967513,0.0
4747,0.0
113033,1.0
169421,0.0
768887,0.0
869635,0.0
889608,1.0
645837,0.0
529269,1.0
660589,0.0
366205,0.0
147573,1.0
980859,0.0
719606,0.0
493290,0.0
946287,0.0
967160,0.0
381397,0.0
71738,0.0
287667,0.0
364501,1.0
14977,0.0
40972,0.0
149264,1.0
352772,1.0
606131,1.0
901806,1.0
25407,1.0
923149,0.0
471696,1.0
97081,1.0
698126,0.0
740753,0.0
39690,0.0
273754,1.0
544613,1.0
596471,0.0
58313,0.0
399343,1.0
247693,1.0
841651,1.0
819823,0.0
565255,0.0
622256,0.0
170305,0.0
294405,0.0
601392,0.0
372710,0.0
891189,0.0
523455,0.0
435966,1.0
762720,1.0
616839,1.0
694861,0.0
290229,1.0
183967,0.0
258115,0.0
406487,1.0
566498,0.0
466544,0.0
6708,1.0
999039,0.0
600353,0.0
395714,0.0
575033,0.0
653396,1.0
104896,0.0
279225,1.0
490664,0.0
126494,0.0
913629,0.0
235478,0.0
25377,0.0
613301,0.0
786160,0.0
951670,0.0
908561,0.0
829918,0.0
559866,1.0
41553,1.0
216935,0.0
200691,1.0
719567,1.0
118986,0.0
5924,1.0
406082,0.0
278892,0.0
431795,0.0
325554,1.0
766245,1.0
299897,0.0
17502,0.0
33483,0.0
223211,0.0
479360,1.0
68125,0.0
728209,1.0
982150,1.0
788465,1.0
307540,0.0
113052,1.0
902987,0.0
410728,0.0
772749,0.0
260884,0.0
802909,1.0
825302,0.0
784441,0.0
330143,0.0
891782,1.0
783720,0.0
409125,0.0
64931,0.0
732342,0.0
522923,1.0
478302,0.0
943632,0.0
19712,0.0
276067,0.0
579325,0.0
758718,0.0
882322,1.0
35012,0.0
357892,1.0
118047,0.0
986745,0.0
518535,0.0
420012,1.0
190062,1.0
688730,0.0
272339,1.0
557804,1.0
895279,0.0
72914,0.0
780961,0.0
246434,0.0
691719,1.0
552705,0.0
273160,0.0
67358,0.0
897090,0.0
170435,0.0
956607,0.0
281734,1.0
96024,1.0
378747,1.0
590245,1.0
246413,0.0
683607,1.0
331632,1.0
222583,0.0
213883,0.0
29534,1.0
914388,0.0
957391,1.0
276387,0.0
486150,0.0
773045,0.0
586978,0.0
921219,0.0
207942,0.0
327622,0.0
313208,0.0
453375,0.0
487944,1.0
227891,1.0
314564,1.0
306173,1.0
703581,0.0
550420,0.0
741036,0.0
765391,1.0
88198,0.0
810318,0.0
517060,0.0
389152,0.0
20986,0.0
700831,1.0
384446,0.0
550482,0.0
572797,0.0
11854,1.0
864356,0.0
850066,0.0
428609,1.0
590798,1.0
142359,1.0
926871,0.0
738180,0.0
987920,0.0
795672,1.0
116168,0.0
878870,1.0
287238,0.0
668517,0.0
210290,0.0
723965,0.0
684156,1.0
112524,0.0
767456,0.0
446121,0.0
817613,0.0
487791,1.0
328200,0.0
946774,1.0
94852,0.0
297103,1.0
818433,0.0
286174,0.0
151422,0.0
284446,1.0
330298,1.0
682907,0.0
126967,0.0
20059,0.0
3794,1.0
987063,0.0
908853,0.0
271560,1.0
969295,1.0
787582,0.0
147438,1.0
160308,0.0
373067,0.0
312573,1.0
799036,1.0
840460,0.0
545108,1.0
793,0.0
372351,0.0
807197,0.0
457744,1.0
790241,1.0
946971,0.0
931908,0.0
672440,0.0
297005,0.0
559584,1.0
768953,0.0
901362,1.0
846536,0.0
144925,1.0
857596,0.0
57078,0.0
851568,0.0
906708,1.0
983035,0.0
802707,1.0
808100,0.0
781701,0.0
302503,0.0
826785,1.0
676831,0.0
484339,0.0
512004,0.0
537352,0.0
719410,0.0
858383,1.0
562215,1.0
348406,0.0
223874,0.0
670671,0.0
970812,1.0
885413,0.0
241602,0.0
58611,0.0
284693,0.0
406911,0.0
651187,0.0
121455,0.0
385088,1.0
279900,0.0
134885,0.0
512014,0.0
265296,0.0
217013,0.0
840029,0.0
160496,0.0
117854,0.0
901560,0.0
154719,1.0
426660,0.0
954393,0.0
826430,0.0
7136,1.0
883151,1.0
526446,0.0
846922,0.0
414497,0.0
956324,1.0
673789,0.0
835185,0.0
665587,0.0
926255,0.0
818651,0.0
104504,0.0
732445,0.0
700012,1.0
480946,0.0
338849,1.0
176252,0.0
661119,1.0
118562,1.0
177932,0.0
951200,0.0
736300,1.0
775850,0.0
62951,0.0
894365,0.0
498013,1.0
421501,0.0
391790,0.0
544105,0.0
656765,0.0
765054,1.0
214387,0.0
138709,0.0
991422,0.0
234822,0.0
402141,1.0
137113,0.0
399360,1.0
839097,0.0
111182,1.0
824392,1.0
271708,0.0
738117,0.0
4674,1.0
484360,1.0
1860,1.0
902171,0.0
92154,0.0
869590,0.0
241812,0.0
120172,0.0
235565,1.0
709079,1.0
807469,1.0
745550,0.0
431246,0.0
577466,0.0
917746,0.0
590563,1.0
835670,1.0
879740,0.0
647400,0.0
296290,0.0
125,0.0
237207,0.0
201045,0.0
882194,0.0
986022,0.0
834556,1.0
226594,0.0
517553,0.0
836552,0.0
411187,0.0
519204,0.0
258047,0.0
325099,1.0
515041,0.0
138634,0.0
525952,1.0
456744,0.0
616112,0.0
438934,1.0
816289,0.0
902497,0.0
745710,0.0
291841,1.0
304155,0.0
397691,1.0
41172,0.0
180109,0.0
694257,0.0
993828,0.0
32768,0.0
927948,0.0
843957,0.0
982817,0.0
267138,0.0
83055,0.0
573543,0.0
943535,1.0
299935,0.0
440590,0.0
700611,0.0
879310,0.0
488800,0.0
565200,1.0
917911,0.0
224530,0.0
633889,1.0
142871,1.0
415986,0.0
504513,0.0
400674,1.0
914938,0.0
79654,0.0
469152,0.0
965482,1.0
299496,0.0
425386,0.0
24737,0.0
84888,0.0
865228,0.0
327702,0.0
463081,0.0
811798,1.0
90516,1.0
104957,0.0
897733,0.0
271211,0.0
211880,0.0
547709,0.0
425445,0.0
665093,0.0
24977,1.0
906776,0.0
679945,0.0
441427,1.0
757285,0.0
929532,1.0
427048,0.0
552585,0.0
671756,0.0
870832,0.0
594948,0.0
816776,0.0
212863,1.0
30802,0.0
280788,1.0
502421,0.0
772803,1.0
498020,0.0
262959,0.0
826315,1.0
950796,0.0
961602,1.0
676952,0.0
604631,0.0
620243,0.0
197062,1.0
684675,1.0
955335,1.0
966856,0.0
434335,0.0
576674,1.0
646269,1.0
828634,0.0
64396,0.0
272702,0.0
142738,0.0
443924,0.0
455460,0.0
465027,0.0
103197,1.0
836392,1.0
959773,0.0
117006,1.0
436146,0.0
502873,0.0
431519,0.0
611942,0.0
196685,0.0
425719,0.0
141111,1.0
243870,0.0
126096,1.0
963043,0.0
147362,1.0
941328,0.0
428377,0.0
300461,0.0
249053,0.0
21746,0.0
280133,0.0
90227,0.0
697129,1.0
185905,0.0
235880,0.0
193311,0.0
302006,0.0
449353,1.0
158794,1.0
161694,1.0
888859,0.0
723998,1.0
599086,0.0
597837,0.0
204181,0.0
357938,0.0
648596,0.0
658335,0.0
386720,1.0
209117,0.0
776288,0.0
310896,1.0
237716,0.0
107578,1.0
48440,1.0
753750,0.0
295280,1.0
279812,0.0
180870,0.0
820484,0.0
780787,0.0
689196,1.0
352448,0.0
359367,0.0
540977,0.0
660616,0.0
180587,1.0
302978,0.0
842781,0.0
346076,1.0
643847,0.0
541183,0.0
81474,0.0
424219,0.0
464241,0.0
509238,1.0
56549,0.0
896253,0.0
696459,0.0
821082,0.0
330576,0.0
178343,0.0
249580,0.0
191471,0.0
632202,1.0
707885,0.0
562681,1.0
665874,0.0
247689,1.0
676033,0.0
75865,1.0
816782,0.0
62050,0.0
349170,1.0
941549,0.0
796795,0.0
151430,0.0
10314,0.0
730682,1.0
799204,0.0
913410,0.0
272017,0.0
361193,1.0
985408,0.0
818226,0.0
566667,0.0
412534,0.0
476601,0.0
597023,0.0
659968,0.0
147691,1.0
187139,0.0
362787,0.0
429651,0.0
737832,0.0
272425,0.0
572861,1.0
39511,1.0
806393,0.0
74341,0.0
485651,0.0
484203,0.0
394213,1.0
753743,1.0
550799,0.0
217075,0.0
610450,1.0
374367,0.0
641530,0.0
86754,0.0
840731,0.0
754339,0.0
95931,1.0
327644,0.0
265061,1.0
716227,1.0
303542,0.0
102405,0.0
460863,0.0
823832,0.0
945734,1.0
245306,0.0
613989,1.0
621464,0.0
676084,0.0
151587,1.0
301838,1.0
226408,0.0
579201,0.0
775772,0.0
391867,0.0
105389,0.0
57461,0.0
876999,1.0
11666,1.0
528044,0.0
666784,0.0
451963,0.0
832592,0.0
469490,1.0
726757,0.0
921368,1.0
73961,0.0
441403,0.0
906536,1.0
792208,0.0
512935,1.0
709288,1.0
853741,0.0
940061,0.0
798631,1.0
725524,0.0
508867,0.0
95896,1.0
117561,0.0
587659,0.0
364265,0.0
503289,0.0
283255,1.0
574217,0.0
763621,0.0
73235,0.0
921978,0.0
689103,0.0
105701,0.0
848340,0.0
625135,0.0
506850,0.0
387325,1.0
855116,0.0
954227,0.0
946001,0.0
555993,0.0
608175,0.0
352107,1.0
637550,0.0
235902,1.0
801829,1.0
130027,0.0
563738,0.0
838034,1.0
819635,1.0
308032,1.0
532904,0.0
312187,0.0
133581,0.0
673091,0.0
299279,0.0
928094,0.0
416004,0.0
625037,1.0
11165,0.0
652898,0.0
743389,1.0
680335,0.0
197241,1.0
43001,0.0
776035,0.0
243866,0.0
472358,1.0
229818,0.0
615030,1.0
426781,0.0
99606,0.0
372252,1.0
477879,0.0
885584,1.0
884549,0.0
25072,1.0
293850,1.0
958242,0.0
475556,0.0
914844,0.0
78568,0.0
705089,0.0
127187,0.0
873729,1.0
169783,0.0
864188,0.0
19556,0.0
293460,0.0
239505,0.0
262721,1.0
456173,0.0
476077,0.0
787379,0.0
374192,0.0
138028,1.0
213371,0.0
866021,0.0
383749,0.0
159418,0.0
453516,1.0
732666,0.0
228185,1.0
951457,1.0
414599,0.0
298663,0.0
176917,1.0
575987,0.0
971097,0.0
532222,1.0
406606,1.0
554754,0.0
501479,1.0
412394,0.0
194108,1.0
189392,0.0
744452,0.0
92583,1.0
969759,1.0
486743,1.0
458054,0.0
430899,1.0
17297,1.0
86349,1.0
4035,0.0
210243,1.0
42186,0.0
543550,0.0
13712,1.0
124584,0.0
933211,0.0
207471,1.0
902361,0.0
324572,1.0
309784,1.0
960325,1.0
645539,1.0
760850,1.0
660265,0.0
392753,1.0
265238,0.0
168864,1.0
976988,1.0
725533,0.0
907579,0.0
403255,0.0
323189,0.0
188958,1.0
645162,0.0
777652,0.0
581847,1.0
834076,0.0
576135,0.0
752000,1.0
392072,0.0
662319,0.0
407773,0.0
696919,1.0
343177,0.0
194042,0.0
176374,1.0
696638,1.0
891435,0.0
519180,1.0
303094,0.0
786718,0.0
942824,0.0
671968,0.0
840643,0.0
625580,0.0
848840,0.0
555632,1.0
258366,1.0
15598,0.0
557897,1.0
253559,0.0
454271,0.0
582301,0.0
136835,1.0
32523,0.0
179889,1.0
259022,1.0
583013,0.0
338977,0.0
444930,0.0
555255,0.0
944774,0.0
954538,1.0
524702,0.0
444088,0.0
209583,1.0
106530,1.0
599629,0.0
855590,1.0
704112,1.0
412334,1.0
186979,0.0
770862,0.0
295959,0.0
518520,0.0
216658,0.0
818830,1.0
330386,0.0
164608,0.0
878291,0.0
197052,0.0
201088,0.0
931947,1.0
529478,0.0
294928,1.0
301662,0.0
90787,0.0
272901,0.0
690998,0.0
135709,0.0
165506,0.0
952019,0.0
651971,0.0
249828,1.0
496656,0.0
133123,0.0
954430,0.0
520901,0.0
684095,0.0
779129,0.0
459680,1.0
88046,1.0
701574,0.0
656025,1.0
125011,1.0
364434,0.0
400285,0.0
420096,0.0
237845,1.0
545432,0.0
794081,0.0
527884,0.0
944103,0.0
47618,0.0
160230,0.0
903464,0.0
750236,0.0
902635,0.0
676862,0.0
625190,0.0
658726,0.0
157737,0.0
715175,1.0
226374,0.0
747737,0.0
202664,1.0
892385,0.0
352133,0.0
425088,0.0
56179,0.0
245814,0.0
75025,0.0
464079,0.0
918463,1.0
284742,1.0
810830,0.0
260651,0.0
827830,0.0
560201,0.0
326512,1.0
686845,0.0
552233,0.0
589267,0.0
872505,0.0
869232,1.0
596973,0.0
43321,1.0
767446,1.0
458602,0.0
124739,0.0
618868,1.0
944066,1.0
711932,0.0
737792,0.0
807428,0.0
645815,0.0
552870,1.0
828827,0.0
607032,0.0
427931,0.0
744174,1.0
629055,0.0
450254,0.0
626709,0.0
883767,0.0
637149,0.0
150930,0.0
814672,1.0
799742,0.0
849334,0.0
875240,0.0
5362,0.0
28902,1.0
273327,0.0
552413,0.0
667374,0.0
368318,0.0
915741,1.0
879343,0.0
571160,0.0
713743,1.0
133461,0.0
226487,0.0
272509,1.0
326322,0.0
10129,1.0
2906,0.0
690340,0.0
228541,1.0
278143,0.0
26634,1.0
686633,1.0
682855,1.0
808176,0.0
48308,1.0
689994,0.0
969703,0.0
724901,0.0
122209,0.0
853177,0.0
523705,0.0
462042,0.0
576595,0.0
618098,0.0
728593,0.0
520668,0.0
777709,1.0
87102,1.0
801325,0.0
668975,1.0
634882,1.0
188143,0.0
632803,1.0
436540,0.0
947579,0.0
200255,1.0
642266,0.0
360726,1.0
691273,0.0
820579,0.0
6140,1.0
71656,1.0
841254,0.0
786567,0.0
905084,1.0
680525,0.0
882823,0.0
672128,0.0
303710,0.0
53399,1.0
16991,0.0
721009,0.0
123124,0.0
213270,0.0
847235,0.0
62485,0.0
4617,0.0
309963,0.0
238327,0.0
991847,1.0
679434,0.0
573931,1.0
402116,1.0
458094,0.0
652469,0.0
164531,1.0
490750,0.0
512835,1.0
872833,0.0
683370,0.0
306304,1.0
696332,0.0
320560,0.0
451269,0.0
867048,0.0
476024,1.0
502001,1.0
566124,0.0
706126,1.0
275895,0.0
311129,0.0
23419,0.0
411384,1.0
869694,1.0
535065,0.0
791574,0.0
350475,1.0
588378,0.0
415422,0.0
122155,0.0
116715,1.0
88175,0.0
491673,0.0
830583,0.0
408917,0.0
417747,0.0
904411,0.0
432147,0.0
698345,1.0
634266,0.0
690562,0.0
768829,0.0
511404,0.0
441557,1.0
623684,1.0
626277,0.0
880820,0.0
81428,1.0
383805,0.0
682536,0.0
235140,1.0
218682,1.0
881617,0.0
216688,0.0
844700,0.0
762569,1.0
195356,0.0
328612,0.0
58468,0.0
466304,0.0
566905,1.0
684976,0.0
352818,1.0
397329,0.0
486909,0.0
57669,1.0
7002,0.0
275553,0.0
197417,0.0
496928,0.0
790367,0.0
724516,0.0
520159,0.0
727579,0.0
859449,0.0
892539,1.0
557142,1.0
534080,0.0
502222,0.0
876186,0.0
822554,0.0
960015,1.0
367223,1.0
891460,0.0
137992,0.0
883235,0.0
687151,1.0
18019,0.0
451869,0.0
126191,1.0
794478,0.0
554781,1.0
880371,0.0
946022,0.0
847094,0.0
847123,0.0
85694,0.0
124905,0.0
713446,0.0
166007,0.0
555505,0.0
475782,0.0
857764,0.0
67451,0.0
417052,0.0
420358,0.0
279012,1.0
46823,0.0
239916,1.0
174696,0.0
3413,0.0
149003,0.0
148740,0.0
49260,0.0
271725,0.0
976188,0.0
373662,0.0
579302,1.0
13172,0.0
800606,0.0
135645,1.0
976509,1.0
141127,0.0
641250,0.0
475769,0.0
208394,0.0
825218,0.0
605712,1.0
316348,1.0
775470,0.0
429865,0.0
507630,0.0
702390,0.0
500209,0.0
509863,0.0
26194,0.0
391433,1.0
483077,1.0
9857,0.0
373718,0.0
541154,0.0
571360,1.0
536951,1.0
364151,0.0
500060,1.0
147705,0.0
698433,0.0
152981,1.0
442318,0.0
921070,0.0
260636,0.0
454230,0.0
81701,0.0
47095,1.0
96376,1.0
403742,1.0
920656,0.0
72568,0.0
80089,0.0
853693,0.0
690509,0.0
446055,0.0
881386,0.0
22899,1.0
268247,1.0
876300,0.0
209500,0.0
229417,0.0
561094,1.0
391837,0.0
429676,0.0
354117,0.0
983202,1.0
967276,0.0
584478,0.0
776567,1.0
323683,0.0
693802,0.0
542178,0.0
974769,0.0
348914,0.0
804909,1.0
283904,0.0
170475,1.0
46953,1.0
383201,0.0
899525,1.0
317463,0.0
687918,0.0
940917,1.0
524531,1.0
479053,0.0
394712,0.0
91223,0.0
193127,1.0
621378,0.0
392873,0.0
881691,0.0
230742,1.0
560257,0.0
414136,1.0
830971,1.0
932512,0.0
879172,1.0
500659,0.0
201965,0.0
197083,1.0
188850,0.0
868965,0.0
85611,1.0
799734,1.0
537020,0.0
80785,1.0
195369,0.0
986735,1.0
760083,0.0
905839,0.0
659258,0.0
775896,1.0
504453,0.0
789219,1.0
1126,0.0
364765,0.0
759523,0.0
3141,1.0
182844,1.0
416575,0.0
891508,0.0
443325,1.0
436675,0.0
915389,0.0
341794,0.0
3114,0.0
915288,0.0
546758,1.0
452090,0.0
928361,1.0
997578,0.0
940414,0.0
902883,0.0
156980,0.0
618266,0.0
605525,1.0
14662,0.0
86519,1.0
453940,0.0
562647,0.0
972309,1.0
936592,0.0
598794,0.0
819023,0.0
626387,0.0
247809,0.0
319749,1.0
893506,0.0
550968,1.0
395478,1.0
952775,0.0
690238,1.0
743166,0.0
355019,0.0
43317,1.0
263946,0.0
617394,1.0
778715,0.0
224416,0.0
471644,0.0
461980,0.0
187312,1.0
292609,0.0
114198,1.0
615012,0.0
68672,0.0
687969,1.0
947931,0.0
24832,0.0
403549,0.0
617979,0.0
113536,0.0
876900,1.0
830071,1.0
735160,0.0
882271,0.0
72781,0.0
810101,1.0
592029,0.0
731733,0.0
74109,0.0
925147,1.0
292767,0.0
955052,0.0
400990,1.0
407624,0.0
379938,0.0
442998,0.0
294092,1.0
846902,0.0
796578,1.0
739850,0.0
66987,1.0
260648,0.0
288172,0.0
694623,0.0
705310,0.0
952401,1.0
830337,0.0
705565,0.0
77589,0.0
777879,0.0
749577,1.0
974103,0.0
93333,0.0
183441,0.0
545673,0.0
854068,0.0
964168,0.0
6167,0.0
569821,0.0
980948,1.0
667580,0.0
492558,1.0
168698,1.0
935327,0.0
937359,0.0
296497,1.0
673813,0.0
367639,0.0
786100,0.0
168937,0.0
287710,1.0
800498,0.0
889867,1.0
634937,1.0
705744,1.0
267400,1.0
166423,0.0
214482,0.0
968533,1.0
584185,1.0
887267,1.0
559604,0.0
539002,0.0
709190,0.0
200709,1.0
815572,0.0
666379,1.0
235972,0.0
936534,0.0
502299,0.0
183997,0.0
250667,0.0
980884,0.0
992656,1.0
519341,1.0
554527,0.0
114922,0.0
701405,0.0
415873,0.0
278311,0.0
677281,1.0
10693,1.0
548489,0.0
384061,0.0
664557,1.0
207720,1.0
360663,0.0
867155,0.0
752576,0.0
127174,0.0
890058,1.0
365755,0.0
159521,0.0
676407,0.0
671572,1.0
602235,0.0
770058,1.0
13112,1.0
157338,1.0
320647,1.0
837712,0.0
701169,0.0
371790,0.0
739999,0.0
951613,0.0
310988,0.0
366291,0.0
830795,1.0
67841,0.0
589352,1.0
330613,0.0
512100,0.0
270827,1.0
641218,1.0
636331,0.0
920953,0.0
43807,0.0
160763,0.0
607136,0.0
476089,1.0
126610,1.0
874122,0.0
48680,1.0
657577,0.0
272107,0.0
924998,0.0
195814,1.0
740074,0.0
952705,0.0
876500,1.0
288139,0.0
485928,0.0
547789,0.0
680709,0.0
249418,0.0
154397,1.0
666481,0.0
232585,0.0
732352,0.0
32207,0.0
94131,0.0
225207,0.0
561674,1.0
604387,0.0
487393,0.0
421214,0.0
659012,1.0
332743,1.0
456333,1.0
776973,0.0
417736,1.0
998932,0.0
632407,0.0
227830,0.0
287438,1.0
744904,0.0
364089,0.0
248851,0.0
378286,0.0
619701,0.0
39271,1.0
642665,0.0
277346,0.0
541501,0.0
103562,0.0
780698,1.0
648168,0.0
732301,1.0
227619,0.0
8488,0.0
116556,1.0
408493,0.0
550812,0.0
120540,0.0
804033,0.0
933814,0.0
780111,0.0
637107,0.0
134022,0.0
843573,0.0
224209,0.0
663444,0.0
412755,0.0
237506,0.0
664350,0.0
267171,1.0
215397,0.0
532832,1.0
95223,0.0
113642,1.0
232232,0.0
76344,0.0
367640,0.0
343880,0.0
448358,0.0
699234,0.0
875152,1.0
302883,1.0
443332,0.0
488856,0.0
268094,1.0
299698,0.0
336173,1.0
992673,0.0
676770,0.0
142780,1.0
352690,1.0
45797,1.0
93976,0.0
564461,0.0
558920,0.0
541804,1.0
291575,1.0
157712,0.0
420995,0.0
370361,0.0
690969,0.0
566079,1.0
519855,0.0
689719,0.0
389959,0.0
189680,0.0
505640,1.0
351587,0.0
980505,1.0
798839,1.0
745009,0.0
66820,1.0
295488,1.0
278365,0.0
653704,1.0
537037,0.0
221647,0.0
42872,1.0
847915,0.0
203156,0.0
257264,1.0
511060,0.0
406803,0.0
577357,0.0
909251,0.0
360906,1.0
187054,0.0
274793,0.0
34708,0.0
55949,0.0
128281,0.0
166911,1.0
783629,0.0
887100,0.0
312478,1.0
93366,0.0
294112,0.0
817262,0.0
432592,0.0
860863,1.0
212760,0.0
231641,0.0
355897,0.0
135863,0.0
20043,0.0
53935,0.0
838898,0.0
194624,0.0
928788,1.0
869505,0.0
984659,0.0
757136,0.0
247868,1.0
637909,1.0
670230,0.0
526748,0.0
397209,0.0
388250,0.0
285594,0.0
841628,0.0
963672,0.0
171758,0.0
108958,0.0
296014,0.0
632524,1.0
764835,0.0
235168,0.0
233728,1.0
786931,0.0
567238,0.0
384636,1.0
314395,0.0
481678,0.0
825000,1.0
563666,1.0
709679,0.0
809451,0.0
869905,0.0
78311,1.0
925179,1.0
649769,0.0
154695,1.0
471479,1.0
154013,0.0
730370,0.0
709636,0.0
260428,1.0
881078,0.0
60951,1.0
507289,0.0
878865,0.0
287352,0.0
776910,0.0
207887,0.0
197431,0.0
199886,0.0
974712,0.0
237974,0.0
342342,1.0
528837,0.0
857615,0.0
86219,0.0
671080,1.0
539702,0.0
767312,0.0
253832,0.0
670634,1.0
337500,0.0
567122,0.0
436798,0.0
339147,0.0
340134,0.0
121362,1.0
409057,1.0
471795,0.0
623545,0.0
910030,1.0
258865,0.0
109980,0.0
369502,0.0
589105,1.0
712117,0.0
692867,0.0
394169,0.0
422097,0.0
295157,0.0
511532,0.0
993939,0.0
335122,1.0
794889,1.0
111426,0.0
158268,0.0
57623,0.0
968185,0.0
968194,0.0
639877,0.0
910841,1.0
822227,0.0
259113,0.0
306268,0.0
618829,1.0
614254,0.0
733736,0.0
215319,0.0
454069,1.0
581563,1.0
773778,0.0
829396,1.0
474755,0.0
331227,1.0
532643,1.0
934596,1.0
981912,0.0
391337,0.0
944240,1.0
404601,1.0
653566,1.0
345883,0.0
744915,0.0
439808,0.0
278596,1.0
722998,1.0
533402,0.0
233196,1.0
531749,0.0
591088,0.0
739141,0.0
989017,0.0
769692,1.0
728169,1.0
871987,0.0
844268,0.0
503572,0.0
49284,1.0
725213,1.0
9720,1.0
951947,0.0
422536,0.0
593636,0.0
912129,0.0
829121,0.0
217627,1.0
382139,0.0
94394,0.0
424880,0.0
990555,0.0
112301,0.0
321869,0.0
577364,0.0
26848,0.0
200558,0.0
837798,1.0
992975,0.0
118326,0.0
147347,0.0
892833,0.0
716262,0.0
459835,1.0
608261,0.0
273918,0.0
916521,0.0
947915,0.0
586547,0.0
63508,1.0
527357,0.0
385925,1.0
185027,0.0
384393,0.0
559301,0.0
267190,0.0
25459,0.0
686015,1.0
374142,1.0
908652,1.0
907528,0.0
990622,0.0
245142,0.0
507424,0.0
833770,0.0
463956,0.0
888650,0.0
527006,0.0
579130,1.0
479043,1.0
707119,0.0
747965,0.0
19568,0.0
356868,0.0
57769,0.0
896096,1.0
829777,0.0
12509,0.0
102865,0.0
862085,1.0
933768,0.0
936024,0.0
302189,1.0
971471,1.0
189179,0.0
715622,0.0
556911,0.0
143689,0.0
9914,1.0
624793,0.0
810417,1.0
13552,0.0
746569,0.0
567055,0.0
728580,1.0
422188,0.0
875592,0.0
781452,0.0
388171,0.0
871868,1.0
446063,1.0
280107,1.0
520649,0.0
902477,0.0
293796,1.0
651213,0.0
142709,0.0
430044,0.0
218271,1.0
459055,0.0
643290,0.0
448347,0.0
362814,0.0
202230,1.0
503527,0.0
130769,0.0
315893,0.0
55603,0.0
966860,0.0
800943,0.0
599732,1.0
139861,0.0
250086,0.0
615002,1.0
615641,0.0
548888,0.0
88614,1.0
331291,0.0
217002,1.0
909838,0.0
218063,1.0
987314,1.0
360122,0.0
674120,0.0
506080,0.0
148676,0.0
263202,0.0
397460,0.0
9574,1.0
949445,1.0
785433,0.0
332232,1.0
612876,1.0
507548,0.0
829901,0.0
147267,1.0
105009,1.0
464094,0.0
657999,1.0
511769,1.0
298277,0.0
750105,0.0
489922,0.0
701527,0.0
534597,0.0
893246,0.0
93567,1.0
673145,0.0
784982,0.0
873573,1.0
695076,0.0
923637,0.0
594395,0.0
728983,1.0
57792,0.0
604407,0.0
565694,0.0
234567,0.0
883688,0.0
948725,0.0
574832,1.0
222143,0.0
241217,0.0
813027,0.0
971853,1.0
962859,0.0
252553,0.0
228488,0.0
863165,0.0
122492,1.0
52965,0.0
461594,0.0
739281,0.0
965034,0.0
322058,0.0
657250,0.0
421862,0.0
677174,0.0
11244,0.0
698622,1.0
751259,1.0
927463,0.0
618996,1.0
809040,0.0
778054,0.0
548365,0.0
143302,0.0
268143,1.0
961840,1.0
597738,1.0
453506,0.0
537211,0.0
792526,1.0
780469,0.0
27653,0.0
129323,0.0
206538,0.0
484341,0.0
887645,1.0
473737,0.0
950182,0.0
761146,0.0
938131,0.0
640124,1.0
102549,0.0
818328,1.0
387579,0.0
316586,0.0
795662,1.0
412548,1.0
89332,1.0
869442,0.0
234005,0.0
576743,0.0
514828,0.0
589593,1.0
75945,1.0
296897,1.0
535887,1.0
530893,1.0
375269,0.0
244241,0.0
450113,1.0
137496,0.0
28132,1.0
171787,1.0
945932,0.0
271385,0.0
969530,1.0
354073,1.0
418062,0.0
915279,0.0
971942,0.0
472347,0.0
822658,1.0
801428,0.0
699793,1.0
131393,0.0
68732,0.0
472577,0.0
947102,0.0
285703,0.0
749180,0.0
808605,1.0
230454,0.0
727827,1.0
894602,0.0
955804,0.0
163142,0.0
754211,1.0
430369,1.0
103184,0.0
687248,0.0
149400,0.0
806194,0.0
189479,1.0
918883,0.0
438362,1.0
483085,0.0
809541,0.0
433410,0.0
181687,0.0
619293,0.0
873941,0.0
516891,0.0
796102,0.0
692007,1.0
814024,1.0
741247,0.0
98194,0.0
156407,1.0
171918,0.0
938104,0.0
616386,1.0
581027,0.0
780897,1.0
133862,0.0
101839,1.0
726199,0.0
991191,1.0
662827,0.0
632367,0.0
634100,0.0
998776,0.0
24843,1.0
601142,1.0
31026,1.0
67741,1.0
800279,1.0
914799,0.0
600491,0.0
213761,0.0
655686,0.0
528944,0.0
927765,0.0
75361,0.0
977617,1.0
331884,1.0
715735,1.0
125970,0.0
995108,0.0
95244,1.0
531981,0.0
496724,0.0
855986,0.0
94766,1.0
487130,0.0
553435,0.0
537205,0.0
648678,0.0
726139,0.0
920924,0.0
668589,0.0
321160,0.0
537983,0.0
255774,0.0
747616,0.0
391939,0.0
527636,1.0
567014,0.0
76473,0.0
629221,0.0
489949,0.0
598852,1.0
621643,1.0
981429,0.0
871231,0.0
195743,1.0
638512,1.0
689147,0.0
440095,0.0
332804,0.0
165678,0.0
864206,1.0
809136,0.0
645189,0.0
945524,0.0
230845,0.0
414658,1.0
599432,0.0
196636,0.0
509738,0.0
179788,0.0
618987,1.0
802092,0.0
744204,1.0
499008,0.0
707945,0.0
963286,0.0
812722,0.0
773115,0.0
960136,1.0
647213,0.0
205892,0.0
267032,0.0
27276,0.0
531131,1.0
778195,1.0
939389,0.0
834282,1.0
981793,0.0
473208,0.0
670181,0.0
417941,1.0
858084,0.0
809704,1.0
771717,0.0
135166,0.0
460721,0.0
965356,0.0
7967,0.0
730017,0.0
815396,0.0
752125,0.0
625980,1.0
122800,1.0
151717,1.0
316960,0.0
586621,0.0
223064,0.0
246328,0.0
908772,1.0
280990,0.0
162129,1.0
656450,0.0
323541,1.0
672023,1.0
314599,0.0
658421,0.0
236645,0.0
950177,0.0
562261,1.0
124605,1.0
417275,0.0
41734,0.0
502727,0.0
976385,0.0
51377,1.0
747158,1.0
100870,0.0
438080,1.0
20500,0.0
233711,0.0
100734,0.0
661605,0.0
67595,0.0
469243,1.0
683893,0.0
920288,1.0
723319,1.0
696548,0.0
237346,0.0
222322,0.0
584671,0.0
582062,0.0
684476,0.0
562582,1.0
434349,0.0
749301,0.0
57631,0.0
454040,1.0
565650,0.0
938007,0.0
341683,0.0
567612,0.0
619374,0.0
690336,1.0
612763,1.0
418826,1.0
218247,0.0
258553,1.0
166158,0.0
677159,0.0
269039,1.0
535998,1.0
85547,0.0
127523,1.0
23923,1.0
661421,1.0
329867,0.0
825349,0.0
523141,0.0
545575,0.0
492082,0.0
970684,0.0
808611,1.0
457160,1.0
205549,0.0
172991,1.0
584626,0.0
395702,0.0
717549,0.0
959391,1.0
338513,0.0
273524,0.0
308272,1.0
915758,0.0
726016,1.0
349674,0.0
950320,0.0
73871,0.0
652421,0.0
79700,1.0
419696,0.0
673931,0.0
305055,0.0
575571,1.0
732607,1.0
959559,1.0
213996,0.0
800126,0.0
919735,0.0
230073,0.0
528346,0.0
605381,1.0
312360,1.0
887362,1.0
349447,0.0
312112,0.0
505219,0.0
262243,0.0
120748,0.0
328633,1.0
370707,0.0
216071,0.0
820590,1.0
922572,0.0
805369,0.0
772578,0.0
372985,1.0
667912,0.0
187967,1.0
404970,0.0
32633,0.0
482472,0.0
81772,0.0
277057,0.0
486367,0.0
954449,0.0
822325,0.0
814001,0.0
529429,0.0
9810,1.0
115999,0.0
831779,0.0
856331,0.0
347835,0.0
102613,0.0
511284,1.0
549759,1.0
506166,1.0
361771,0.0
569313,0.0
877603,0.0
346384,0.0
868371,0.0
192740,0.0
124336,1.0
358754,1.0
346737,1.0
957592,1.0
747424,1.0
978142,0.0
398420,0.0
393578,0.0
786452,0.0
438810,0.0
928634,0.0
556694,0.0
662324,0.0
495404,0.0
774482,1.0
213400,0.0
948302,0.0
574897,0.0
860511,0.0
844035,0.0
597762,0.0
795820,0.0
103535,1.0
592075,0.0
948376,1.0
65029,0.0
160733,0.0
215190,1.0
251765,0.0
551093,1.0
611624,1.0
438799,0.0
950923,0.0
467378,0.0
978770,0.0
337080,0.0
461879,0.0
12392,0.0
746148,0.0
473110,0.0
167554,1.0
897410,0.0
796159,0.0
111767,0.0
256640,0.0
776131,0.0
635647,0.0
489766,0.0
133714,1.0
644091,1.0
839040,0.0
544323,1.0
294244,0.0
348519,0.0
880786,0.0
213265,0.0
649384,1.0
579898,0.0
3170,0.0
22073,1.0
326773,1.0
696102,0.0
567626,1.0
143654,1.0
257171,0.0
641737,0.0
288019,0.0
222879,0.0
453587,1.0
201973,0.0
170494,0.0
574170,1.0
745349,0.0
49178,1.0
89454,0.0
758530,1.0
132325,0.0
476097,0.0
925552,0.0
718411,1.0
798128,1.0
772197,0.0
812582,0.0
726832,1.0
872398,1.0
812521,0.0
217649,0.0
928354,0.0
788907,0.0
435893,0.0
679137,0.0
538031,1.0
693279,0.0
716777,0.0
939560,0.0
164894,0.0
786670,1.0
879579,1.0
981511,0.0
376531,0.0
809298,0.0
772387,0.0
981297,0.0
115958,0.0
362009,1.0
390132,0.0
233436,0.0
763104,1.0
611581,1.0
599285,1.0
845052,1.0
55307,0.0
124198,0.0
234534,0.0
820342,0.0
639413,1.0
206287,0.0
964920,1.0
898864,0.0
863443,1.0
21970,0.0
848667,0.0
299972,1.0
167901,0.0
836212,0.0
790055,0.0
966182,0.0
29709,1.0
487679,0.0
147148,1.0
990642,0.0
377426,1.0
152261,0.0
332981,1.0
587731,1.0
149960,1.0
645328,0.0
694648,0.0
458705,1.0
171542,0.0
703666,0.0
237440,1.0
106656,0.0
546789,0.0
298448,0.0
282809,0.0
87793,0.0
325565,0.0
865541,0.0
136686,0.0
802004,0.0
262098,0.0
254918,0.0
910677,0.0
547750,1.0
871213,1.0
437131,0.0
250758,1.0
569452,0.0
862136,1.0
652211,0.0
876412,0.0
622100,1.0
757549,1.0
2387,1.0
528269,0.0
902327,0.0
232104,1.0
945458,0.0
384016,0.0
867596,1.0
11018,0.0
728493,0.0
402717,0.0
878696,1.0
614195,0.0
527311,0.0
700215,0.0
344689,0.0
909432,0.0
789378,0.0
857314,0.0
691440,0.0
255458,0.0
380785,0.0
314661,1.0
976565,1.0
864,1.0
276148,0.0
948661,0.0
500669,1.0
779949,0.0
255325,0.0
709025,0.0
622416,0.0
20282,1.0
665382,0.0
812400,1.0
980227,0.0
254721,0.0
892200,1.0
273182,0.0
633166,0.0
607957,0.0
474543,0.0
272051,1.0
13803,0.0
489335,0.0
515068,0.0
166,0.0
518489,0.0
2087,0.0
709508,0.0
999554,0.0
728097,0.0
797383,1.0
334319,0.0
658487,0.0
421465,0.0
3308,1.0
465907,0.0
374706,0.0
671872,1.0
455207,0.0
790787,0.0
112631,1.0
860951,0.0
304729,0.0
783247,0.0
624964,0.0
562660,1.0
458376,1.0
179327,0.0
521217,0.0
35060,1.0
461574,0.0
115983,0.0
255136,0.0
359219,0.0
908912,1.0
569710,0.0
119342,1.0
508233,0.0
915696,0.0
149588,1.0
382343,0.0
676727,1.0
779931,0.0
744484,0.0
612786,0.0
210810,0.0
989711,0.0
481495,1.0
935631,1.0
255476,0.0
415415,1.0
341827,0.0
802200,0.0
582033,0.0
448234,1.0
91184,0.0
702126,0.0
582444,0.0
699767,1.0
379065,0.0
364800,0.0
839283,0.0
766042,0.0
273073,0.0
964448,1.0
196094,0.0
759265,0.0
131932,0.0
624831,0.0
161972,1.0
211993,0.0
314104,0.0
770433,0.0
973329,0.0
119735,1.0
880077,0.0
842700,1.0
577300,0.0
937825,1.0
888074,0.0
89787,1.0
122014,0.0
963384,1.0
18002,1.0
195436,0.0
666153,0.0
287539,0.0
585988,1.0
703726,1.0
899283,0.0
64000,0.0
8982,0.0
708569,0.0
148210,0.0
889181,0.0
391401,0.0
398376,0.0
39537,1.0
859028,0.0
365164,0.0
512493,0.0
436666,1.0
216246,0.0
950153,0.0
932228,1.0
806138,1.0
906049,0.0
163769,1.0
360342,1.0
569125,1.0
352678,0.0
712307,0.0
652810,1.0
119550,0.0
44307,0.0
485859,0.0
34995,0.0
255073,0.0
626989,1.0
382582,1.0
31928,0.0
15689,0.0
540695,0.0
245710,1.0
24167,0.0
9204,0.0
994719,0.0
272076,0.0
582900,0.0
889207,0.0
489132,0.0
996641,0.0
804980,0.0
682200,1.0
680896,0.0
248899,0.0
470135,1.0
179574,1.0
870637,0.0
103803,0.0
513509,1.0
221933,0.0
300334,0.0
527389,0.0
601420,0.0
966027,0.0
206507,0.0
541387,0.0
197630,0.0
952556,0.0
526784,0.0
832997,1.0
12632,0.0
666832,1.0
512536,1.0
816205,1.0
756198,0.0
713605,1.0
967598,0.0
647692,0.0
11860,0.0
480618,0.0
928169,0.0
485483,1.0
865043,0.0
89663,1.0
688496,1.0
416761,0.0
120097,1.0
150067,0.0
228938,1.0
507475,0.0
62946,0.0
393344,1.0
458811,0.0
556436,0.0
983619,1.0
516920,0.0
746953,0.0
651110,1.0
927970,0.0
71714,0.0
614360,0.0
910378,0.0
551216,0.0
24512,0.0
864083,0.0
823356,1.0
451000,0.0
694915,0.0
238041,0.0
546701,0.0
875174,0.0
535501,1.0
704291,0.0
977100,1.0
802774,0.0
877457,0.0
619509,1.0
629867,0.0
519961,0.0
706056,0.0
932232,0.0
576420,0.0
355326,0.0
125877,0.0
792068,1.0
824414,0.0
934839,1.0
769171,1.0
561193,0.0
830701,1.0
550573,0.0
773172,0.0
413707,0.0
946635,1.0
43235,0.0
335215,0.0
554674,0.0
54762,0.0
159034,0.0
909112,1.0
174031,0.0
48520,0.0
372931,0.0
176958,0.0
320695,0.0
12037,0.0
819469,0.0
245486,1.0
925661,0.0
396849,1.0
183666,0.0
735613,1.0
631211,0.0
291357,0.0
609345,1.0
174251,1.0
578173,0.0
749944,1.0
130061,1.0
881302,0.0
623711,0.0
971010,0.0
692065,1.0
513169,0.0
637794,0.0
987779,0.0
565084,0.0
172920,0.0
113172,0.0
494013,0.0
296211,0.0
579005,0.0
787850,0.0
791808,0.0
513302,1.0
370440,0.0
701556,1.0
83127,0.0
453152,1.0
843657,0.0
980800,0.0
686824,0.0
157185,0.0
688770,0.0
120411,0.0
840397,0.0
919934,1.0
864818,0.0
969332,1.0
615462,0.0
589423,0.0
112772,0.0
96095,1.0
890246,1.0
72969,0.0
830081,0.0
401166,0.0
311925,0.0
681372,0.0
282068,0.0
893456,0.0
937991,0.0
566824,1.0
813442,0.0
982824,0.0
93794,0.0
313846,1.0
510135,1.0
390703,1.0
750372,0.0
587909,0.0
257044,0.0
90176,1.0
737176,0.0
560952,0.0
481909,0.0
75063,0.0
618741,0.0
514856,0.0
388712,0.0
25949,1.0
502785,0.0
658244,1.0
141211,0.0
456287,0.0
10358,0.0
591890,0.0
310357,0.0
740462,1.0
609610,0.0
395965,0.0
466727,0.0
462639,0.0
114270,0.0
846279,0.0
498216,1.0
181238,0.0
489213,0.0
853899,1.0
906732,0.0
418029,1.0
440763,0.0
17079,1.0
18706,0.0
468679,1.0
764148,1.0
979921,0.0
529826,0.0
667847,0.0
279295,0.0
472475,1.0
76071,0.0
277926,1.0
708364,0.0
733548,0.0
866874,1.0
91104,1.0
304877,0.0
432729,1.0
12020,1.0
496624,0.0
94813,0.0
558724,0.0
218261,0.0
257758,1.0
224969,0.0
358849,0.0
755962,0.0
404091,0.0
892717,0.0
640704,0.0
887420,0.0
949583,1.0
714752,1.0
522259,1.0
423543,0.0
945997,0.0
264228,0.0
366732,0.0
89918,0.0
890870,0.0
871129,0.0
139118,1.0
616159,1.0
661353,0.0
483827,1.0
660455,0.0
248605,0.0
521188,0.0
856124,1.0
259799,0.0
113142,0.0
636047,1.0
18301,1.0
659001,0.0
568922,0.0
785595,0.0
637023,0.0
676194,0.0
789708,0.0
288207,1.0
995275,0.0
408168,0.0
23145,0.0
453538,0.0
684447,1.0
105877,0.0
659705,1.0
239209,0.0
768223,1.0
66367,0.0
729922,0.0
54590,1.0
187326,1.0
141139,0.0
121703,0.0
289440,0.0
542725,1.0
940447,0.0
20174,0.0
981439,1.0
830012,0.0
795789,0.0
634976,0.0
34607,0.0
936683,1.0
518678,0.0
473370,0.0
338465,0.0
877855,1.0
111291,0.0
495010,1.0
428670,1.0
449162,0.0
54307,0.0
536394,0.0
930761,0.0
810490,0.0
992218,1.0
832318,0.0
397156,0.0
699844,0.0
234706,1.0
425934,1.0
863406,1.0
801171,0.0
423105,1.0
864979,0.0
834488,0.0
360899,0.0
9402,0.0
959864,0.0
891634,1.0
680298,0.0
967989,0.0
147912,0.0
218230,1.0
860910,1.0
949767,0.0
191017,0.0
483399,0.0
632931,0.0
51074,1.0
246522,1.0
204943,0.0
199079,0.0
641583,0.0
519092,0.0
275436,1.0
472268,0.0
642225,0.0
159799,1.0
14004,1.0
893178,1.0
634150,0.0
486414,0.0
690265,0.0
829285,0.0
617147,1.0
591958,1.0
49051,0.0
50356,0.0
892945,0.0
43974,0.0
325548,1.0
898906,0.0
490829,0.0
621852,0.0
216557,0.0
191254,0.0
665576,0.0
19748,0.0
284919,0.0
705418,1.0
971209,0.0
650403,0.0
7296,0.0
810917,1.0
673857,1.0
35525,1.0
198079,0.0
731204,0.0
688793,0.0
832892,1.0
402410,0.0
544213,1.0
249658,0.0
66415,0.0
566025,0.0
82595,1.0
317358,0.0
918756,0.0
262469,0.0
768114,0.0
968277,0.0
929906,1.0
424768,1.0
286971,1.0
47722,0.0
727166,1.0
493125,1.0
325043,0.0
236139,1.0
839451,0.0
215166,0.0
648942,0.0
384432,0.0
318799,1.0
767246,1.0
886261,0.0
442423,1.0
926129,1.0
770617,0.0
11693,1.0
960549,0.0
302572,1.0
864573,0.0
656578,1.0
587219,0.0
330715,0.0
899971,1.0
234448,1.0
453952,1.0
956597,0.0
909684,0.0
100681,1.0
347978,0.0
943321,0.0
70277,0.0
136149,1.0
746553,0.0
261915,0.0
686886,1.0
616137,0.0
139310,0.0
68702,0.0
617819,0.0
309006,0.0
62989,1.0
226266,0.0
878584,1.0
53008,1.0
110873,0.0
710419,0.0
471970,0.0
100198,1.0
179157,1.0
446074,0.0
324324,0.0
470092,0.0
533785,0.0
314728,0.0
841635,1.0
396240,0.0
6452,0.0
201907,0.0
411848,1.0
59284,1.0
716175,0.0
86162,0.0
503901,1.0
162332,0.0
822914,0.0
843122,0.0
590101,0.0
37568,1.0
348902,0.0
611544,0.0
520318,1.0
783317,1.0
911304,0.0
41820,1.0
124944,0.0
623736,0.0
969017,0.0
191690,0.0
621115,1.0
440868,1.0
928283,0.0
216571,0.0
233319,0.0
995124,1.0
863899,0.0
426507,0.0
386239,0.0
454670,0.0
30012,1.0
173609,0.0
147303,1.0
56755,1.0
702473,0.0
699651,1.0
393563,1.0
394032,0.0
613310,1.0
881803,1.0
607163,1.0
189307,0.0
360911,1.0
95823,0.0
944465,0.0
243256,0.0
835303,0.0
670930,1.0
975620,0.0
939604,1.0
28851,1.0
752896,0.0
542696,0.0
651711,0.0
927952,0.0
761576,0.0
577761,0.0
184745,1.0
794029,0.0
958487,0.0
844202,0.0
316568,1.0
118179,1.0
545388,1.0
536756,1.0
837502,0.0
274896,1.0
393613,0.0
246515,1.0
983251,1.0
354775,0.0
625759,1.0
695044,0.0
341789,0.0
858839,1.0
597583,0.0
420787,0.0
361864,0.0
540085,0.0
409246,0.0
406439,0.0
8605,0.0
747650,0.0
535573,1.0
514494,1.0
119690,1.0
377535,0.0
101156,1.0
478473,1.0
167440,1.0
327937,1.0
773704,1.0
555426,0.0
305620,0.0
779801,1.0
493714,0.0
849407,0.0
747274,1.0
546333,0.0
402870,0.0
893157,0.0
670715,1.0
834276,0.0
403341,0.0
878977,0.0
376175,1.0
53685,0.0
45566,0.0
858911,0.0
425667,0.0
957230,0.0
441784,1.0
918809,0.0
552900,0.0
521921,0.0
171167,1.0
511463,1.0
636174,0.0
541397,0.0
566341,0.0
627845,0.0
314777,0.0
793641,1.0
302730,0.0
367131,0.0
969113,1.0
98177,1.0
470548,1.0
437853,0.0
856833,0.0
609363,0.0
304606,0.0
483206,0.0
299383,0.0
186667,1.0
681565,0.0
943391,0.0
883534,1.0
186517,0.0
834450,0.0
289627,0.0
759621,0.0
943240,1.0
802348,0.0
300985,1.0
396068,1.0
125777,0.0
285723,1.0
14232,0.0
95786,1.0
401934,1.0
217039,1.0
592338,1.0
835167,0.0
113895,0.0
852429,0.0
578680,0.0
887718,0.0
761644,1.0
167956,0.0
126212,0.0
488074,1.0
685873,0.0
108077,0.0
868625,0.0
159094,1.0
955684,0.0
358131,0.0
856974,0.0
277746,0.0
797948,1.0
830121,1.0
84962,1.0
484906,0.0
663034,0.0
140488,1.0
602800,0.0
913013,0.0
544087,0.0
618453,1.0
429615,1.0
122263,0.0
727934,0.0
514639,1.0
162030,0.0
174090,1.0
33610,1.0
244920,0.0
156588,0.0
442017,0.0
654562,1.0
27492,0.0
584824,0.0
924714,0.0
390078,1.0
626226,0.0
585019,0.0
258822,0.0
263434,0.0
94842,0.0
159174,1.0
47158,0.0
335615,0.0
3856,0.0
210177,0.0
295395,0.0
341066,1.0
914635,1.0
803258,0.0
38215,0.0
908520,0.0
711817,1.0
594938,1.0
505762,0.0
959569,1.0
551996,0.0
31654,0.0
599873,0.0
843987,0.0
31557,0.0
264196,0.0
92312,0.0
146059,0.0
713809,1.0
871587,0.0
871945,0.0
117775,0.0
322312,1.0
7229,1.0
530697,0.0
804514,0.0
681592,1.0
690400,1.0
175087,1.0
5003,1.0
389116,1.0
184051,0.0
229896,0.0
526761,1.0
196217,1.0
324716,0.0
124037,0.0
768232,0.0
83591,1.0
589881,0.0
993124,0.0
8539,1.0
747048,0.0
795142,0.0
169410,0.0
516089,0.0
583812,0.0
134805,1.0
478462,0.0
545723,0.0
230639,0.0
798961,0.0
589051,0.0
588711,0.0
746666,0.0
163499,1.0
423185,0.0
775983,1.0
826419,0.0
967532,0.0
343615,0.0
59581,0.0
976583,1.0
603789,0.0
40390,0.0
146557,0.0
864534,0.0
64458,0.0
328464,1.0
817121,0.0
982723,0.0
882662,0.0
212615,0.0
382782,0.0
11716,0.0
824026,0.0
288572,0.0
443217,1.0
405088,1.0
74352,0.0
750835,0.0
410567,0.0
560440,1.0
54250,0.0
184502,0.0
198413,0.0
998846,0.0
176415,0.0
221255,0.0
958741,0.0
995544,1.0
88658,1.0
340246,1.0
337772,1.0
79360,0.0
596426,0.0
679883,0.0
275254,0.0
357834,1.0
941777,0.0
703526,0.0
76313,0.0
223140,0.0
146767,1.0
535845,0.0
575064,1.0
756997,0.0
786123,0.0
262686,0.0
796394,0.0
594071,0.0
500186,0.0
23557,1.0
518774,1.0
340984,0.0
911697,1.0
751596,0.0
700222,0.0
415590,0.0
819383,0.0
322348,0.0
386978,0.0
156894,0.0
208897,0.0
127825,0.0
294332,0.0
541648,0.0
554627,1.0
431110,0.0
609562,0.0
285141,1.0
723759,1.0
851111,0.0
926422,0.0
41547,0.0
247518,0.0
348341,0.0
849598,0.0
46343,0.0
674747,0.0
748515,0.0
931078,0.0
26510,0.0
252821,0.0
203240,0.0
143498,1.0
521505,0.0
773662,1.0
26675,1.0
402970,1.0
799465,0.0
658349,1.0
895195,0.0
909369,0.0
257863,0.0
72397,0.0
722977,0.0
344155,0.0
40785,1.0
413667,1.0
851179,0.0
367973,0.0
528598,0.0
236840,0.0
191199,1.0
627731,0.0
544348,0.0
162153,0.0
787277,0.0
377334,0.0
413348,0.0
580041,0.0
559705,0.0
213641,1.0
347626,0.0
378383,0.0
483679,1.0
81087,0.0
745207,0.0
764603,0.0
204090,0.0
360947,0.0
319686,0.0
614936,1.0
976334,1.0
76084,0.0
132825,0.0
927624,1.0
893783,1.0
321248,1.0
759694,0.0
245745,1.0
689699,0.0
888155,0.0
523548,0.0
372338,0.0
514340,1.0
841471,0.0
892622,0.0
81998,0.0
286212,1.0
307985,0.0
441806,0.0
186651,0.0
484061,0.0
674133,1.0
790700,0.0
164792,0.0
534758,1.0
619382,0.0
115691,0.0
100624,1.0
331547,0.0
854176,1.0
994304,0.0
265676,1.0
290196,0.0
558452,0.0
467841,0.0
750015,0.0
618877,1.0
547743,0.0
854754,0.0
989047,0.0
2590,0.0
475437,1.0
733428,0.0
958672,0.0
916048,0.0
305200,0.0
32252,1.0
475598,0.0
936406,1.0
582199,1.0
421824,0.0
713491,0.0
218283,1.0
914682,0.0
268767,0.0
96746,0.0
136321,0.0
7184,0.0
54272,0.0
281804,0.0
717793,0.0
38960,1.0
372241,0.0
177837,0.0
437930,0.0
39903,0.0
404471,0.0
520263,0.0
475000,0.0
895776,0.0
528908,0.0
641934,0.0
843827,0.0
825706,1.0
664266,0.0
861645,0.0
919375,0.0
567996,0.0
297773,1.0
657711,1.0
843937,1.0
449679,0.0
304719,0.0
589012,1.0
201217,1.0
109656,0.0
519379,0.0
208879,0.0
36749,0.0
889031,0.0
43340,1.0
362741,0.0
554729,0.0
245073,0.0
631613,0.0
781175,1.0
285754,0.0
394548,0.0
768324,0.0
204082,0.0
760653,0.0
221479,0.0
654722,0.0
612335,0.0
901483,0.0
690570,0.0
347806,0.0
619673,1.0
652635,1.0
643790,0.0
802187,1.0
293280,0.0
804055,1.0
239585,1.0
647951,1.0
893816,0.0
964147,1.0
882962,0.0
699751,1.0
769065,1.0
767868,0.0
303570,0.0
209690,0.0
867896,0.0
612120,0.0
742574,0.0
358078,1.0
349830,0.0
405353,0.0
370748,0.0
663811,0.0
944418,1.0
882603,0.0
495981,0.0
657770,0.0
605650,0.0
644428,1.0
48329,1.0
85337,0.0
229520,0.0
716007,1.0
722940,0.0
886472,1.0
219586,0.0
480416,1.0
945424,0.0
719571,0.0
739171,0.0
933988,0.0
562979,0.0
819805,0.0
755181,0.0
386944,1.0
268399,0.0
99363,0.0
544240,0.0
604295,0.0
11081,0.0
71810,1.0
220730,1.0
699275,0.0
805456,0.0
561073,0.0
533665,0.0
197012,0.0
370288,1.0
929863,1.0
265253,1.0
522222,1.0
450881,1.0
771061,0.0
252639,1.0
697860,1.0
19371,0.0
153822,1.0
312613,0.0
376376,1.0
604416,0.0
395742,1.0
504214,0.0
339992,0.0
701369,0.0
538823,0.0
774276,0.0
748701,1.0
998663,0.0
226528,0.0
597224,1.0
300883,0.0
864123,0.0
777010,1.0
163282,1.0
418431,0.0
73625,0.0
412029,0.0
420659,1.0
807092,0.0
474084,1.0
329567,0.0
634462,1.0
123644,0.0
995010,1.0
49673,0.0
193717,0.0
627888,0.0
241658,0.0
709815,1.0
870932,0.0
171600,1.0
366481,1.0
429182,1.0
725715,0.0
858974,0.0
591054,0.0
122054,0.0
971543,1.0
954377,0.0
563007,1.0
871439,1.0
416994,0.0
715593,0.0
493334,1.0
133396,0.0
738155,0.0
927919,0.0
26345,0.0
771470,1.0
779224,0.0
766151,0.0
737101,0.0
447678,0.0
599588,1.0
237997,0.0
710116,0.0
574085,0.0
445253,1.0
816454,0.0
667833,0.0
617787,0.0
254901,0.0
659468,1.0
30313,0.0
99995,0.0
817251,0.0
591072,1.0
6153,0.0
53655,1.0
589233,0.0
360703,1.0
987989,1.0
533949,0.0
76617,1.0
177748,0.0
321859,0.0
965324,1.0
329584,0.0
41915,0.0
396285,0.0
462073,0.0
909885,0.0
821375,1.0
191217,0.0
368005,1.0
24745,0.0
83170,1.0
349216,0.0
982232,1.0
999856,0.0
643778,1.0
293450,0.0
998306,1.0
317239,0.0
171829,1.0
981859,1.0
622084,0.0
846782,0.0
434129,0.0
75718,0.0
736013,0.0
980074,0.0
447292,1.0
572194,0.0
627530,0.0
648539,1.0
245210,0.0
953701,0.0
655303,1.0
150230,0.0
957742,0.0
201110,1.0
823403,0.0
571255,1.0
378887,1.0
858866,0.0
934520,1.0
784279,1.0
512619,0.0
498885,0.0
187033,1.0
950680,0.0
671195,1.0
232953,1.0
635961,0.0
32376,1.0
61203,1.0
203711,0.0
415637,0.0
737363,1.0
766772,1.0
835087,0.0
400274,0.0
671956,0.0
418792,0.0
155120,0.0
259475,0.0
559394,0.0
120206,0.0
430410,0.0
740173,1.0
454809,1.0
68359,1.0
616854,0.0
856243,0.0
105199,0.0
526996,1.0
466227,0.0
504598,0.0
146776,0.0
774073,0.0
299437,1.0
766507,0.0
662288,0.0
277842,0.0
103815,0.0
794384,0.0
567883,1.0
85670,0.0
77873,0.0
618204,0.0
775407,0.0
529581,0.0
781385,1.0
837125,1.0
360059,1.0
163095,0.0
770770,0.0
470927,0.0
675854,0.0
129731,0.0
443940,0.0
748317,1.0
175971,1.0
263808,0.0
777367,0.0
766499,0.0
787125,0.0
191160,0.0
861216,0.0
611006,0.0
59461,1.0
156777,0.0
527067,0.0
827537,1.0
908684,1.0
740845,0.0
420721,0.0
647092,1.0
619912,0.0
788787,0.0
902302,0.0
861586,1.0
731595,0.0
790558,0.0
568507,0.0
3626,0.0
134429,0.0
712048,0.0
22326,1.0
139099,0.0
21651,0.0
43968,0.0
318019,0.0
739524,1.0
270610,0.0
686900,1.0
625722,0.0
126139,1.0
860684,0.0
907988,0.0
918188,1.0
403072,0.0
467914,1.0
673116,0.0
824733,0.0
343671,0.0
842935,1.0
564302,0.0
235336,0.0
612315,0.0
391244,0.0
658776,0.0
111628,0.0
535459,0.0
405770,0.0
341868,0.0
170745,0.0
753424,0.0
230311,0.0
625639,0.0
934436,1.0
544253,0.0
537328,0.0
31615,0.0
703128,0.0
208345,1.0
435832,0.0
622531,0.0
17593,0.0
715744,0.0
836376,0.0
854492,1.0
603262,0.0
813337,1.0
27698,0.0
737710,0.0
898932,0.0
611067,0.0
238221,0.0
703481,1.0
283173,0.0
843469,1.0
684059,1.0
106834,0.0
415381,0.0
555493,0.0
474489,0.0
25215,0.0
829600,0.0
816240,0.0
472441,0.0
618210,1.0
501749,0.0
725354,1.0
170649,0.0
277190,1.0
421713,0.0
129404,0.0
799151,1.0
669779,0.0
329445,0.0
424319,0.0
419836,0.0
712750,0.0
643559,0.0
41135,0.0
585561,0.0
639748,0.0
543980,0.0
130908,1.0
447889,0.0
503082,0.0
53365,0.0
677945,1.0
633726,0.0
607082,0.0
692538,1.0
26272,0.0
87601,0.0
42602,0.0
135944,0.0
309491,0.0
9251,0.0
4953,0.0
244725,1.0
490548,1.0
58945,0.0
941109,0.0
479683,0.0
270239,1.0
892413,1.0
586110,1.0
388188,0.0
393187,0.0
587296,0.0
209282,0.0
762841,0.0
860422,1.0
242411,0.0
769904,1.0
154388,1.0
106515,0.0
741059,1.0
138159,0.0
985851,1.0
756109,0.0
358584,0.0
197660,1.0
216223,0.0
40715,0.0
307824,1.0
213873,0.0
359226,0.0
738808,0.0
799435,1.0
650380,0.0
384134,0.0
410357,0.0
143667,0.0
881826,0.0
939552,1.0
184392,0.0
39708,0.0
853634,0.0
134994,0.0
184570,1.0
901479,0.0
67100,0.0
118073,0.0
174629,1.0
752655,0.0
890544,0.0
92879,0.0
655984,0.0
554562,0.0
550889,0.0
572262,0.0
793998,1.0
473963,0.0
340318,1.0
761047,0.0
382564,0.0
913337,1.0
428969,0.0
87128,0.0
712477,0.0
926182,0.0
999962,0.0
105713,0.0
231297,0.0
312594,0.0
354598,0.0
876350,0.0
938,0.0
835204,0.0
311896,1.0
675338,1.0
190201,0.0
71379,1.0
413288,0.0
55974,1.0
609690,0.0
576932,1.0
395565,0.0
179768,0.0
779988,0.0
708418,0.0
848214,0.0
659166,0.0
424487,0.0
407674,1.0
494175,0.0
416306,0.0
404730,0.0
687350,0.0
572609,0.0
144961,1.0
857693,1.0
390171,0.0
491068,0.0
42499,0.0
766112,0.0
983059,0.0
648791,1.0
855264,1.0
258531,0.0
752409,0.0
696617,0.0
53047,0.0
421512,0.0
468431,0.0
905733,0.0
650901,1.0
618914,0.0
461297,0.0
884798,0.0
505857,1.0
408899,0.0
819418,1.0
775728,0.0
84267,0.0
469040,0.0
309375,0.0
262143,0.0
774534,0.0
888643,1.0
396999,0.0
881057,1.0
629917,0.0
178059,1.0
221087,0.0
265268,0.0
293515,0.0
827988,1.0
992127,1.0
339353,0.0
412229,0.0
703214,0.0
888318,0.0
544902,0.0
746630,0.0
833169,0.0
615882,0.0
138014,0.0
16212,0.0
280959,1.0
341096,1.0
397215,1.0
308049,0.0
265048,0.0
77759,1.0
474734,0.0
868876,0.0
842838,0.0
962697,0.0
683505,0.0
519649,1.0
399655,0.0
424121,0.0
144463,1.0
770040,0.0
471153,0.0
840919,0.0
917715,1.0
102787,0.0
736705,0.0
572200,0.0
254017,0.0
446717,0.0
323834,1.0
792189,0.0
898565,0.0
200777,0.0
267329,0.0
524391,0.0
25415,1.0
461865,0.0
489044,1.0
614546,0.0
835797,0.0
710627,1.0
668461,1.0
365540,0.0
226825,0.0
714599,1.0
639868,1.0
609588,0.0
682324,0.0
646277,1.0
906621,0.0
587020,1.0
298614,1.0
737180,0.0
630758,0.0
896224,0.0
540542,1.0
332300,1.0
214421,0.0
625951,0.0
240838,0.0
631928,0.0
769117,0.0
283429,0.0
944057,1.0
834676,0.0
138861,1.0
9627,0.0
362036,0.0
649444,0.0
5017,0.0
702804,0.0
437952,0.0
712953,0.0
329742,1.0
866929,1.0
225143,0.0
394664,0.0
207812,0.0
734171,1.0
673153,1.0
564497,0.0
56765,0.0
618970,0.0
580579,1.0
101,0.0
751835,0.0
330506,1.0
290427,0.0
514190,0.0
142916,0.0
187735,0.0
665081,1.0
911327,0.0
531250,0.0
560825,1.0
604528,0.0
277408,0.0
16431,0.0
916137,0.0
497463,0.0
854542,0.0
506115,1.0
72732,1.0
69924,1.0
898179,0.0
494519,0.0
930258,1.0
900230,0.0
512929,0.0
24255,0.0
175117,0.0
30424,0.0
364544,1.0
618802,1.0
408939,0.0
940603,0.0
354689,1.0
740592,0.0
123150,0.0
949426,0.0
455304,0.0
513675,0.0
617387,0.0
436863,1.0
677307,1.0
818173,0.0
62863,0.0
143410,0.0
795527,1.0
513598,0.0
121496,0.0
368915,1.0
348146,1.0
847312,0.0
268799,1.0
440272,0.0
196570,0.0
463229,1.0
297854,0.0
975718,0.0
488658,0.0
320313,0.0
323129,0.0
642860,0.0
445056,0.0
662855,0.0
881496,0.0
845655,0.0
519751,1.0
518073,0.0
214281,1.0
828111,1.0
466025,0.0
639084,0.0
897135,1.0
235726,0.0
682225,0.0
396326,0.0
869862,1.0
947354,0.0
370253,0.0
672542,0.0
823828,0.0
36065,0.0
825288,0.0
414572,0.0
24396,0.0
220700,1.0
962434,0.0
634006,0.0
245523,0.0
556806,1.0
136795,1.0
745014,1.0
361686,0.0
180465,1.0
15409,0.0
645283,1.0
746172,1.0
284609,0.0
787173,0.0
946168,0.0
164865,1.0
584870,0.0
592444,0.0
313409,0.0
600015,0.0
449608,0.0
392143,0.0
508287,0.0
102757,0.0
426769,0.0
319786,1.0
472257,0.0
614120,0.0
886751,1.0
954045,1.0
539780,0.0
458428,0.0
237986,1.0
140311,1.0
757295,1.0
2654,1.0
125456,0.0
510231,0.0
123705,0.0
252060,0.0
683736,0.0
40343,0.0
750098,0.0
837247,0.0
999976,0.0
935123,0.0
345979,0.0
278816,0.0
457341,0.0
845448,1.0
303039,0.0
782130,0.0
347755,0.0
12333,0.0
763764,0.0
655511,1.0
885622,0.0
328664,1.0
606142,0.0
206134,1.0
195959,0.0
647122,1.0
55396,1.0
349851,0.0
329801,0.0
890672,0.0
273676,0.0
573910,0.0
242100,0.0
587145,0.0
273939,0.0
905593,1.0
545992,0.0
969562,0.0
363787,0.0
416920,0.0
664716,0.0
906950,0.0
344660,1.0
129882,0.0
851428,1.0
766789,0.0
534886,0.0
791078,0.0
924520,0.0
435122,0.0
102844,0.0
9863,0.0
592668,1.0
457936,0.0
384974,0.0
933410,0.0
297690,0.0
512035,0.0
518188,0.0
942224,0.0
347653,0.0
978369,1.0
290516,0.0
430766,1.0
212303,0.0
753838,0.0
872973,0.0
517511,0.0
357194,1.0
632227,1.0
73173,0.0
717908,0.0
826053,0.0
394342,1.0
344827,0.0
425747,0.0
582667,1.0
53828,1.0
339853,0.0
932809,1.0
26248,1.0
545309,0.0
236191,1.0
918612,1.0
910531,1.0
854685,1.0
829614,0.0
498195,0.0
277626,1.0
527665,0.0
449921,0.0
953688,1.0
925647,1.0
400562,0.0
277802,1.0
630035,0.0
276256,0.0
177582,1.0
403686,0.0
776379,0.0
777885,0.0
781035,1.0
828324,1.0
813341,0.0
827898,1.0
680919,1.0
79260,1.0
308586,1.0
171762,0.0
973470,1.0
46172,0.0
366895,1.0
685602,0.0
454978,0.0
811551,0.0
569958,0.0
841491,0.0
116199,1.0
96421,0.0
293475,0.0
329676,0.0
200506,0.0
642689,0.0
965846,0.0
913065,0.0
377816,0.0
996456,0.0
605373,0.0
947853,0.0
839760,1.0
400017,0.0
439231,1.0
417103,0.0
267023,1.0
245117,0.0
202518,0.0
741377,0.0
880628,1.0
612154,0.0
227941,0.0
277454,0.0
850641,0.0
313949,1.0
531038,0.0
548681,0.0
747021,0.0
614666,0.0
945698,0.0
9941,0.0
382705,0.0
984920,0.0
520581,0.0
371132,0.0
608987,0.0
812547,0.0
270305,0.0
94864,0.0
832985,0.0
578026,0.0
158411,0.0
270343,0.0
895871,1.0
150276,0.0
666008,0.0
968311,0.0
583749,1.0
686620,0.0
884501,0.0
169656,0.0
975961,0.0
937716,0.0
278029,0.0
995242,1.0
919799,0.0
955572,1.0
211129,0.0
318141,0.0
123428,1.0
895571,0.0
297659,1.0
468623,0.0
97857,0.0
117869,0.0
905046,0.0
451227,0.0
373872,1.0
948703,1.0
607238,0.0
288785,0.0
710895,1.0
133119,0.0
344650,0.0
311831,0.0
18175,1.0
337154,0.0
439225,0.0
961745,0.0
203422,1.0
921332,0.0
587280,0.0
110753,0.0
619056,1.0
229960,0.0
438567,0.0
256735,0.0
679847,0.0
781339,0.0
989865,0.0
320282,0.0
778438,0.0
695849,0.0
907249,0.0
456080,0.0
645212,0.0
778420,1.0
851978,1.0
837784,0.0
706391,0.0
29008,0.0
940396,0.0
933220,1.0
726973,0.0
609636,0.0
763147,1.0
972296,0.0
993569,0.0
663729,1.0
584335,0.0
908381,0.0
48036,0.0
87906,0.0
655543,1.0
63383,0.0
362014,0.0
897379,1.0
462054,0.0
883353,0.0
416175,0.0
150843,0.0
562555,1.0
921134,1.0
575729,1.0
603882,0.0
802297,1.0
603309,0.0
149874,0.0
58284,0.0
169690,1.0
643377,0.0
416380,0.0
446206,0.0
887486,1.0
792926,0.0
497630,0.0
468732,1.0
567328,0.0
957672,0.0
128918,0.0
504941,0.0
977069,0.0
357589,1.0
141554,0.0
838981,1.0
378303,0.0
112128,0.0
402995,0.0
949788,0.0
671362,0.0
479539,0.0
239778,1.0
627751,0.0
137975,0.0
962966,1.0
854217,0.0
399675,1.0
971427,0.0
494823,1.0
444919,1.0
603013,0.0
645596,0.0
837609,1.0
739670,1.0
959087,1.0
269942,0.0
597383,0.0
116223,0.0
973996,1.0
410008,1.0
621145,0.0
387710,0.0
485643,1.0
825240,0.0
465478,0.0
158980,1.0
712934,1.0
749627,0.0
777639,0.0
266513,0.0
565310,1.0
247276,0.0
991678,1.0
442227,0.0
70043,0.0
935526,0.0
303443,0.0
870829,0.0
149365,0.0
430796,0.0
143750,1.0
956893,1.0
859164,1.0
924451,0.0
393627,0.0
667733,1.0
904219,0.0
331175,0.0
640807,0.0
767300,0.0
638945,1.0
138696,1.0
832488,0.0
333255,0.0
746691,0.0
519878,0.0
983527,1.0
804181,0.0
428914,0.0
250099,0.0
344160,0.0
774567,0.0
630189,1.0
493263,0.0
235390,0.0
974832,1.0
135317,0.0
139106,1.0
685176,0.0
226461,1.0
18850,0.0
831974,0.0
901622,1.0
79770,1.0
325180,0.0
805924,1.0
553534,0.0
374337,0.0
865367,0.0
528129,0.0
532765,0.0
804529,1.0
963521,0.0
422469,1.0
39165,0.0
284890,0.0
353086,0.0
771433,1.0
355929,0.0
62325,1.0
192184,0.0
271313,0.0
588405,1.0
426907,1.0
237361,1.0
514747,0.0
769677,0.0
950198,0.0
807751,0.0
734398,0.0
583391,0.0
634671,0.0
210417,0.0
351203,0.0
870877,0.0
105423,0.0
533795,1.0
74399,1.0
819958,0.0
228250,0.0
396229,0.0
645492,1.0
454718,1.0
485351,0.0
93808,0.0
383166,0.0
906662,0.0
934008,0.0
156487,1.0
510597,1.0
489913,0.0
977790,0.0
11655,0.0
158804,0.0
330068,1.0
243897,1.0
335376,1.0
352738,0.0
815444,0.0
119756,1.0
532363,0.0
727243,0.0
732633,0.0
220771,0.0
576658,0.0
742658,0.0
345254,0.0
109424,0.0
184990,0.0
244465,0.0
271618,0.0
53771,0.0
525422,0.0
492427,1.0
872345,0.0
180310,0.0
221895,1.0
720877,0.0
736442,0.0
780494,1.0
774388,0.0
801455,0.0
258856,1.0
113779,0.0
432535,0.0
699457,0.0
69133,0.0
807975,0.0
96502,1.0
219075,0.0
371099,0.0
110314,0.0
12797,0.0
751340,1.0
606154,0.0
853640,0.0
833873,0.0
674189,1.0
123718,0.0
528402,0.0
16946,1.0
303057,1.0
567494,1.0
991147,0.0
870774,0.0
931660,0.0
157696,1.0
609544,1.0
339312,0.0
748599,1.0
320490,0.0
27742,1.0
609451,1.0
379796,1.0
559975,1.0
588985,0.0
163628,1.0
376806,0.0
494053,0.0
720103,0.0
42523,1.0
170603,0.0
640069,0.0
182495,1.0
606589,0.0
636102,1.0
513857,0.0
920063,0.0
729005,1.0
668980,0.0
32066,1.0
305745,0.0
327121,0.0
580931,1.0
68047,1.0
876787,1.0
773546,1.0
736711,0.0
250532,0.0
191302,1.0
321959,0.0
918280,1.0
247096,1.0
526513,0.0
273595,0.0
379336,0.0
445553,1.0
757581,0.0
187551,1.0
634665,0.0
419573,0.0
370727,0.0
494338,0.0
291453,0.0
72557,0.0
584002,0.0
203498,1.0
25092,0.0
777822,0.0
772170,0.0
767370,1.0
903217,1.0
607386,1.0
396790,0.0
578825,0.0
635553,1.0
222975,1.0
155974,0.0
860928,0.0
405074,0.0
471364,0.0
870188,0.0
94829,0.0
289822,0.0
851296,0.0
434608,1.0
215613,0.0
555833,1.0
707512,0.0
988872,0.0
458901,1.0
265562,0.0
217724,0.0
607487,0.0
355257,0.0
66996,0.0
456881,0.0
187532,0.0
442340,1.0
983137,1.0
984632,0.0
802258,0.0
450037,0.0
496245,1.0
842325,0.0
89713,1.0
91470,1.0
291607,0.0
365982,0.0
985825,1.0
4968,1.0
432306,0.0
154753,1.0
131574,0.0
789098,0.0
167759,0.0
229616,0.0
401573,0.0
890456,0.0
126536,0.0
238316,1.0
445834,1.0
570990,0.0
592836,0.0
447632,1.0
867503,0.0
444308,1.0
105122,1.0
151323,0.0
106492,0.0
501954,0.0
70060,0.0
217960,0.0
95403,1.0
150723,0.0
643739,0.0
340581,0.0
15695,1.0
45676,0.0
777487,0.0
484048,0.0
885657,1.0
137153,1.0
336558,0.0
798069,1.0
75570,0.0
34444,0.0
474345,1.0
112460,1.0
378321,0.0
1063,0.0
525347,0.0
645880,0.0
207193,0.0
524309,0.0
632608,0.0
314119,0.0
499894,0.0
783337,0.0
240045,1.0
755201,0.0
858407,0.0
677702,0.0
197533,0.0
922527,0.0
61789,0.0
899911,0.0
866446,0.0
286646,1.0
71068,1.0
870976,0.0
511886,1.0
527784,0.0
349537,0.0
190736,0.0
987410,0.0
988023,0.0
79207,1.0
858189,1.0
542901,0.0
299379,0.0
847988,0.0
344762,1.0
522326,0.0
934207,0.0
248253,1.0
911959,0.0
860089,0.0
490211,1.0
406724,1.0
96047,0.0
109953,1.0
108318,0.0
322243,0.0
779491,1.0
39284,0.0
290734,1.0
313691,0.0
627448,1.0
495699,0.0
894556,0.0
491509,1.0
10740,0.0
710465,0.0
374493,0.0
462864,0.0
936784,1.0
36613,1.0
424858,1.0
654445,0.0
352305,0.0
891962,0.0
939798,0.0
601379,0.0
482624,0.0
571823,0.0
480327,0.0
839189,0.0
261942,0.0
907915,1.0
658578,0.0
595202,0.0
935057,0.0
140098,0.0
187856,1.0
352741,0.0
307879,0.0
831721,0.0
883062,0.0
749179,0.0
310559,0.0
238906,0.0
628082,0.0
811449,0.0
937546,0.0
150119,0.0
359123,0.0
441508,1.0
49925,0.0
783027,0.0
763160,0.0
641074,0.0
663153,1.0
703794,0.0
714830,1.0
459692,0.0
268879,0.0
335757,0.0
633661,0.0
156445,0.0
886615,1.0
221358,0.0
453777,1.0
681107,1.0
248942,0.0
711881,0.0
889696,1.0
664323,1.0
728365,0.0
114885,0.0
829141,0.0
734633,1.0
287800,0.0
46993,1.0
46460,1.0
255391,0.0
16414,0.0
184604,0.0
248576,1.0
951643,0.0
841092,1.0
330071,1.0
181644,0.0
459966,0.0
622481,0.0
259944,1.0
913111,1.0
691782,0.0
120400,0.0
392215,0.0
786008,0.0
635121,0.0
124139,1.0
846661,0.0
842821,0.0
463615,0.0
849311,0.0
42611,0.0
120752,1.0
212456,0.0
395100,0.0
679466,1.0
752227,0.0
820028,0.0
496015,0.0
27358,1.0
928760,1.0
869463,0.0
730142,0.0
608162,0.0
295095,1.0
371569,0.0
523239,0.0
339741,0.0
659481,0.0
864844,1.0
695445,0.0
434588,0.0
197470,0.0
139952,0.0
674689,0.0
913429,0.0
234315,0.0
872992,0.0
585537,0.0
274516,0.0
918944,0.0
60970,0.0
311044,1.0
706138,1.0
984779,0.0
652127,0.0
529539,0.0
88956,0.0
940325,1.0
968174,0.0
530366,0.0
549555,0.0
588188,0.0
709404,0.0
707069,0.0
537387,0.0
515931,1.0
207518,0.0
762941,0.0
76580,0.0
471077,0.0
749784,0.0
494888,1.0
827622,1.0
616551,0.0
949125,0.0
290609,1.0
604438,0.0
190961,1.0
36282,0.0
336527,0.0
920567,0.0
900892,0.0
901773,1.0
177341,0.0
436935,0.0
969436,0.0
403810,1.0
599464,0.0
951842,0.0
34729,0.0
792654,0.0
902269,0.0
500299,0.0
18691,0.0
157412,0.0
174428,1.0
874268,0.0
246721,0.0
640977,0.0
173889,1.0
924311,0.0
934558,0.0
208928,0.0
240407,1.0
359057,0.0
30482,0.0
168954,0.0
178472,0.0
154179,0.0
232363,1.0
925114,0.0
326989,0.0
178135,0.0
25584,0.0
25908,1.0
163134,0.0
808000,0.0
156590,0.0
190973,1.0
359707,0.0
37519,1.0
202356,0.0
822043,1.0
152285,1.0
407888,1.0
496530,0.0
693562,0.0
523948,1.0
816754,0.0
793710,1.0
999332,0.0
188077,0.0
414428,1.0
648631,0.0
736595,0.0
396343,1.0
706405,1.0
228528,0.0
333280,0.0
434106,1.0
999478,0.0
540120,1.0
424713,0.0
321318,1.0
34569,0.0
73396,1.0
907794,1.0
174879,0.0
53695,0.0
938653,0.0
405291,1.0
459822,0.0
748443,0.0
153643,0.0
592880,1.0
923414,1.0
969407,0.0
708830,1.0
865371,1.0
204909,1.0
13877,0.0
971183,1.0
81548,0.0
776090,0.0
412878,0.0
915119,0.0
560714,0.0
513543,0.0
729096,0.0
368643,1.0
905916,0.0
852233,0.0
217068,0.0
257230,0.0
406476,0.0
401441,0.0
898142,1.0
221675,1.0
785763,1.0
769248,0.0
805148,0.0
159372,0.0
390441,1.0
396740,0.0
34082,1.0
163235,1.0
130132,1.0
139560,1.0
402924,1.0
764369,0.0
737210,0.0
708471,0.0
612859,1.0
181205,0.0
677756,1.0
972892,0.0
363870,0.0
730888,0.0
604985,0.0
458071,0.0
987951,0.0
263459,1.0
46149,0.0
125413,0.0
927933,0.0
969222,1.0
36313,1.0
253090,0.0
893372,0.0
742796,1.0
139831,1.0
198178,0.0
956991,0.0
735691,1.0
967483,0.0
865947,1.0
930270,1.0
9519,0.0
937071,0.0
42198,1.0
660734,0.0
647230,0.0
553867,0.0
275092,0.0
534988,0.0
140186,0.0
695203,1.0
955081,0.0
555926,1.0
788253,1.0
812388,0.0
533826,0.0
908057,0.0
376457,1.0
742164,0.0
620903,1.0
600221,0.0
137679,0.0
826526,1.0
559904,0.0
536715,1.0
757781,0.0
641758,1.0
346059,1.0
862185,1.0
834706,1.0
482099,0.0
379173,0.0
634385,0.0
100769,0.0
806041,0.0
358231,0.0
858469,0.0
340922,0.0
743349,0.0
777322,1.0
35846,0.0
277281,0.0
977326,0.0
719469,0.0
623049,0.0
458864,0.0
704602,1.0
631585,0.0
284620,1.0
871638,0.0
846727,1.0
717824,0.0
595512,0.0
776319,1.0
516854,0.0
904806,0.0
237044,0.0
735970,0.0
364211,1.0
538937,0.0
964893,0.0
359552,0.0
520977,0.0
564276,1.0
815188,1.0
731941,1.0
250884,0.0
819683,0.0
850880,1.0
122218,1.0
400118,0.0
952862,0.0
715393,1.0
991373,0.0
648831,0.0
341566,1.0
670801,0.0
299582,0.0
472624,0.0
485103,0.0
385407,0.0
152379,1.0
440240,0.0
598079,0.0
813470,1.0
258190,0.0
574717,0.0
535303,0.0
677109,1.0
247706,1.0
338645,1.0
273775,0.0
524250,1.0
242935,0.0
11761,0.0
998522,0.0
595420,1.0
575122,0.0
360802,1.0
304497,0.0
156736,0.0
861774,0.0
757691,0.0
822394,0.0
445677,0.0
775391,1.0
691012,0.0
899031,1.0
467419,0.0
417881,0.0
385269,0.0
542801,0.0
79380,0.0
888614,0.0
55900,0.0
781094,0.0
972043,1.0
76939,0.0
839121,0.0
45659,0.0
404518,0.0
35051,0.0
74669,0.0
690706,1.0
91353,0.0
344510,0.0
712777,0.0
480812,0.0
580705,1.0
60966,0.0
790331,1.0
351926,0.0
894285,1.0
202364,0.0
822628,0.0
992200,1.0
665497,0.0
217280,0.0
308554,0.0
255531,0.0
304702,0.0
311065,0.0
763039,0.0
479299,1.0
179805,0.0
45776,0.0
421070,1.0
566773,0.0
672638,0.0
291792,1.0
74180,1.0
899767,0.0
684728,0.0
384360,1.0
403864,0.0
736693,0.0
887772,0.0
921054,0.0
2698,1.0
99879,0.0
649374,0.0
832552,1.0
146433,1.0
934143,0.0
959153,1.0
669308,0.0
41657,0.0
696528,1.0
884887,0.0
804887,1.0
688717,0.0
689861,0.0
267932,0.0
933994,1.0
400335,0.0
897299,0.0
945062,0.0
882741,1.0
30215,1.0
705108,0.0
525251,1.0
518999,0.0
968846,1.0
331139,0.0
779997,0.0
26331,0.0
979729,0.0
292274,1.0
254132,1.0
88904,0.0
803658,0.0
630803,1.0
378149,0.0
567839,0.0
342290,1.0
468313,0.0
170044,0.0
198069,1.0
386427,0.0
471255,1.0
553327,0.0
854954,0.0
30983,0.0
840271,0.0
112877,1.0
759069,0.0
482179,0.0
605977,0.0
38241,0.0
857086,0.0
252056,1.0
893933,0.0
156460,0.0
277663,0.0
410057,1.0
996062,1.0
677939,0.0
796287,0.0
922995,0.0
985487,0.0
357529,0.0
487682,1.0
127667,0.0
84458,1.0
711515,0.0
463200,0.0
47324,0.0
67410,1.0
535043,0.0
381569,1.0
828491,0.0
10545,1.0
887988,0.0
998629,1.0
577297,0.0
113878,0.0
894128,0.0
709883,0.0
852975,1.0
318240,0.0
148942,0.0
767755,0.0
163788,1.0
310421,1.0
232427,0.0
511456,0.0
734874,0.0
279568,0.0
862250,0.0
878505,0.0
982915,0.0
425991,1.0
109241,1.0
419581,0.0
424145,0.0
554007,0.0
262618,0.0
210158,1.0
235587,1.0
378082,0.0
380371,0.0
683612,1.0
13493,1.0
985905,1.0
477834,0.0
656474,0.0
992244,1.0
894489,1.0
610304,1.0
442822,0.0
91634,0.0
654226,1.0
813751,0.0
36944,0.0
303344,0.0
376753,0.0
191849,0.0
371637,0.0
946088,0.0
564168,0.0
87308,0.0
22818,0.0
40936,1.0
161718,0.0
304479,1.0
488480,0.0
772642,0.0
858716,0.0
167774,0.0
286278,0.0
519137,0.0
233554,1.0
855156,1.0
951051,0.0
524914,0.0
167702,0.0
924074,0.0
711897,0.0
741006,0.0
61909,1.0
171360,0.0
402038,0.0
645688,0.0
184428,0.0
998896,0.0
752784,0.0
120522,1.0
219307,0.0
618721,0.0
932635,0.0
920514,1.0
994450,1.0
920252,0.0
701634,1.0
522113,0.0
288272,1.0
368174,0.0
791517,1.0
156799,0.0
442493,1.0
418585,1.0
547648,0.0
837522,1.0
607179,0.0
652725,0.0
210010,1.0
363820,0.0
150925,0.0
304482,0.0
708204,0.0
110127,0.0
261755,1.0
725997,0.0
939644,0.0
952459,0.0
73714,0.0
858988,1.0
916507,0.0
438656,0.0
38503,0.0
364114,0.0
226874,0.0
572081,0.0
744378,1.0
148510,0.0
542940,0.0
323674,0.0
613223,1.0
784235,0.0
865918,1.0
822165,0.0
571017,1.0
707899,0.0
932763,0.0
392401,0.0
663951,0.0
972195,1.0
924882,1.0
290940,1.0
498246,0.0
214198,1.0
152162,0.0
785751,0.0
415352,0.0
514225,0.0
891874,1.0
38164,1.0
941468,0.0
980812,0.0
540043,1.0
41325,1.0
40440,0.0
794561,0.0
155248,1.0
486230,1.0
407107,0.0
50850,0.0
541565,0.0
672654,0.0
696819,1.0
480527,1.0
779195,0.0
292774,0.0
968926,0.0
877627,0.0
779705,1.0
515470,1.0
813821,1.0
13660,0.0
275383,0.0
652947,0.0
350437,0.0
190533,0.0
103756,0.0
271331,1.0
197864,1.0
265738,0.0
542102,0.0
658979,1.0
382871,1.0
411147,0.0
371260,1.0
816663,0.0
981972,0.0
343545,0.0
617645,0.0
267774,0.0
424985,0.0
468503,0.0
281638,0.0
738707,1.0
222373,0.0
572801,1.0
753664,0.0
860778,0.0
834028,0.0
54485,1.0
680029,1.0
259542,0.0
178698,1.0
822186,1.0
935096,0.0
924579,0.0
463428,0.0
777741,0.0
180600,0.0
838605,0.0
763816,0.0
454542,1.0
470792,0.0
852331,0.0
198601,1.0
150465,1.0
915405,0.0
880036,1.0
43228,1.0
641605,0.0
878204,0.0
365796,0.0
67013,0.0
517241,0.0
404116,0.0
10365,0.0
699207,0.0
46446,0.0
565568,0.0
373037,1.0
434251,0.0
828938,1.0
68610,0.0
35732,0.0
612494,0.0
454786,0.0
196941,1.0
792693,1.0
566975,0.0
624919,0.0
410530,1.0
275457,0.0
385216,0.0
220180,1.0
588727,0.0
779959,1.0
714873,0.0
969450,0.0
404782,0.0
949590,1.0
109469,1.0
201418,1.0
143785,0.0
366134,1.0
555440,1.0
197094,0.0
609461,0.0
496053,1.0
53907,0.0
263090,0.0
104516,0.0
568693,0.0
843861,1.0
850028,1.0
585733,0.0
823538,0.0
333328,0.0
26569,1.0
475633,0.0
417669,0.0
966958,0.0
588062,0.0
197281,1.0
615159,0.0
686598,0.0
204368,0.0
340860,0.0
535032,1.0
840011,0.0
495532,0.0
546389,1.0
914808,0.0
646480,1.0
433183,1.0
254758,1.0
506753,1.0
190654,0.0
997242,0.0
559214,1.0
825389,1.0
641980,0.0
566066,0.0
803362,0.0
39440,0.0
12406,1.0
802279,1.0
996737,0.0
569066,0.0
331821,0.0
151071,0.0
386838,1.0
985849,0.0
290461,1.0
183391,0.0
330622,0.0
385192,0.0
17397,0.0
280155,1.0
542840,1.0
783149,0.0
235196,1.0
696265,0.0
395947,0.0
604621,0.0
974797,1.0
776350,1.0
528413,0.0
566509,0.0
932781,0.0
28846,0.0
523076,0.0
38189,0.0
714786,1.0
676920,0.0
506200,0.0
900853,0.0
635692,0.0
298308,0.0
306628,0.0
293506,0.0
721576,0.0
184752,0.0
989471,1.0
138245,1.0
953480,1.0
694584,0.0
77981,1.0
845932,0.0
660046,0.0
439623,0.0
287912,0.0
544652,0.0
475241,1.0
506593,0.0
925857,1.0
253594,1.0
434244,0.0
846310,1.0
681603,0.0
187838,1.0
407731,0.0
585246,0.0
695435,1.0
894135,0.0
417486,0.0
370353,0.0
570272,0.0
647712,0.0
951557,0.0
21512,0.0
435829,0.0
31713,0.0
736754,1.0
150597,1.0
808305,0.0
952096,0.0
408174,0.0
551604,0.0
527258,0.0
88209,1.0
371426,1.0
980484,1.0
87771,0.0
481291,0.0
462016,0.0
792966,0.0
517451,1.0
419527,0.0
437044,1.0
552420,0.0
764088,0.0
817893,0.0
855335,1.0
989505,0.0
314883,0.0
601890,1.0
810819,0.0
4427,0.0
47344,1.0
61277,1.0
951242,0.0
622631,0.0
949876,0.0
812070,1.0
821863,1.0
337351,0.0
192205,0.0
492855,0.0
155646,1.0
819295,0.0
943754,1.0
378977,0.0
541880,0.0
661932,0.0
723433,0.0
758417,0.0
224745,0.0
257575,0.0
417843,0.0
218173,0.0
70825,0.0
759577,0.0
211053,0.0
699039,0.0
479267,0.0
818496,1.0
456628,1.0
369647,1.0
40708,1.0
484899,1.0
883142,1.0
420176,0.0
751811,0.0
72249,0.0
54923,0.0
305486,1.0
725307,1.0
38769,0.0
503171,0.0
135257,0.0
455714,0.0
124282,0.0
443302,1.0
376624,0.0
735333,1.0
801998,0.0
302403,1.0
67445,0.0
188300,0.0
156495,0.0
752887,0.0
323164,0.0
468409,0.0
903459,1.0
442696,0.0
